,ID,Region,Regulated Dam,Primary Purpose,Primary Type,Height (m),Length (km),Volume (m3),Year Completed,Years Modified,Surface (km2),Drainage (km2),Spillway,Inspection Frequency,Distance to Nearest City (km),Hazard,Assessment,Assessment Date,Probability of Failure,Loss given failure - prop (Qm),Loss given failure - liab (Qm),Loss given failure - BI (Qm),Total Loss Given Failure,Expected Loss Value
2974,SOAD12189,Flumevale,Yes,Irrigation,Rockfill,21.848,0.222,86000.0,1966.0,2002.0,1.30414,69.24554,Missing,1.0,3.07,High,Satisfactory,2023.0,0.0893,656.4,471.7,17.1,1145.1999999999998,108.50678935348986
3253,SOAD03117,Flumevale,Yes,Water Supply,Roller-Compacted Concrete,51.726,0.13,60000.0,1988.0,2001.0,7.12943,1584.65755,Uncontrolled,1.0,24.57,High,Satisfactory,2023.0,0.0933,698.4,456.7,25.3,1180.4,108.52215109169484
424,SOAD09743,Flumevale,Yes,Irrigation,Earth,6.929,0.113,28000.0,2006.0,1997.0,0.03349,0.0,Uncontrolled,2.0,0.0,Significant,Satisfactory,2022.0,0.1317,34.8,831.3,36.8,902.9,109.09769576713444
3385,SOAD03707,Flumevale,No,Flood Risk Reduction,Earth,65.756,1.91,0.0,1975.0,1995.0,12.85228,1773.75114,Uncontrolled,5.0,26.26,High,Not Available,2023.4,0.09,766.4,344.8,34.86,1146.06,109.29213651448488
2088,SOAD06173,Flumevale,Yes,Irrigation,Earth,10.989,0.619,39492.79999999999,1907.0,1998.0,0.26201,0.0,Uncontrolled,2.0,8.0,Significant,Satisfactory,2022.0,0.1185,565.4,318.7,8.8,892.8999999999999,109.3121093071997
3461,SOAD12659,Flumevale,Yes,Irrigation,Earth,79.682,0.322,1825000.0,1975.0,1993.0,30.94476,876.22241,Controlled,1.0,6.18,High,Fair,2023.0,0.1079,820.6,318.2,4.0,1142.8,109.33308057487012
3208,SOAD19973,Flumevale,Yes,Hydroelectric,Earth,28.832,0.377,360000.0,1984.0,1993.0,5.21853,20904.16321,Uncontrolled,1.0,7.64,High,Satisfactory,2023.0,0.1063,850.4,309.3,89.7,1249.4,109.34852541834115
3352,SOAD08276,Flumevale,Yes,Other,Earth,84.238,2.3,2483797.9999999995,1947.0,1996.0,19.5621,454.357274,Missing,1.0,25.13,High,Not Available,2018.0,0.1069,799.7,329.7,30.540000000000003,1159.94,109.4470571488142
3496,SOAD12402,Flumevale,No,Flood Risk Reduction,Earth,51.245,0.7,3905000.0,1955.0,1996.0,96.77034,11151.19523,Missing,1.0,1.56,High,Not Available,2019.4,0.1083,495.2,575.6,48.040000000000006,1118.84,109.45647289544344
3347,SOAD20371,Flumevale,Yes,Flood Risk Reduction,Earth,22.035,0.7,11345000.0,1979.0,1995.0,0.88059,1744.45495,Missing,5.0,10.062,High,Not Available,2017.8,0.0568,600.6,655.0,22.54,1278.14,109.47302998423577
2099,SOAD10951,Flumevale,Yes,Missing,Masonry,44.181,0.103,80864.8,1893.0,1990.0,0.50235,131.03386799999998,Missing,1.0,1.54,Significant,Satisfactory,2023.0,0.1275,185.1,648.5,45.7,879.3000000000001,109.60434671267868
3390,SOAD19094,Flumevale,Yes,Hydroelectric,Concrete,163.847,0.241,365180.0,1968.0,1996.0,6.92652,25596.88019,Missing,1.0,62.08,High,Not Available,2021.8,0.1351,844.3,168.3,80.2,1092.8,109.75027508735656
1700,SOAD12124,Flumevale,Yes,Water Supply,Earth,5.345,0.833,14000.0,1900.0,2004.0,0.29944,5.32658,Missing,1.0,2.0,High,Satisfactory,2017.0,0.0842,308.8,920.7,26.0,1255.5,109.75850605219604
3280,SOAD17233,Flumevale,Yes,Hydroelectric,Earth,19.652,0.328,92000.0,1928.0,1996.0,5.43326,199.74675,Missing,1.0,65.36,Significant,Satisfactory,2023.0,0.1235,715.8,142.4,51.2,909.4,109.9559368699789
2636,SOAD17705,Flumevale,Yes,Other,Earth,11.576,0.333,30000.0,1952.0,1995.0,0.61464,303.61506,Missing,1.0,12.39,Significant,Satisfactory,2017.0,0.1291,401.0,475.3,32.099999999999994,908.4,110.09114516973496
2376,SOAD07268,Flumevale,Yes,Irrigation,Earth,6.457,0.498,55642.0,1903.0,2001.0,0.52402,0.0,Uncontrolled,1.0,0.0,High,Not Rated,2022.0,0.1262,569.8,346.2,41.4,957.4,110.11073166280984
792,SOAD20128,Flumevale,Yes,Irrigation,Earth,18.361,0.297,82000.0,1983.0,1999.0,0.04925,0.0,Missing,2.0,1.54,Significant,Fair,2022.0,0.1418,10.6,851.1,7.8,869.5,110.1169713139534
2987,SOAD09542,Flumevale,Yes,Other,Earth,22.73,0.292,180825.0,1965.0,1999.0,2.00349,37.28606,Missing,1.0,0.0,High,Satisfactory,2017.0,0.1049,218.8,941.2,26.42,1186.42,110.243531678319
2773,SOAD20800,Flumevale,Yes,Other,Earth,7.241,0.347,50000.0,1962.0,2003.0,1.95818,1968.17131,Missing,1.0,3.35,High,Satisfactory,2017.0,0.0871,380.4,819.5,49.06,1248.96,110.27359841108324
2978,SOAD12473,Flumevale,Yes,Tailings,Earth,37.754,1.667,1400000.0,1980.0,1991.0,1.22337,0.0,Missing,0.0,3.27,Low,Not Rated,2017.0,0.0934,495.0,910.0,42.66,1447.66,110.30816637158397
3231,SOAD10360,Flumevale,Yes,Other,Multi-Arch,55.602,0.34,51500.0,1954.0,2002.0,4.56843,378.18718,Missing,1.0,15.85,High,Satisfactory,2017.0,0.0994,773.6,387.3,31.04,1191.94,110.37081451281904
2280,SOAD09459,Flumevale,Yes,Irrigation,Earth,10.679,0.2,27200.0,1906.0,1976.0,0.5319,0.0,Missing,2.0,26.71,Significant,Fair,2021.0,0.1425,671.5,199.0,29.6,900.1,110.53680674135686
3516,SOAD05724,Flumevale,No,Hydroelectric,Earth,184.315,0.817,29400000.0,1962.0,1995.0,147.84259,5065.57758,Uncontrolled,1.0,0.0,High,Not Available,2023.0,0.13,816.4,221.8,73.6,1111.8,110.59615181386472
3488,SOAD20676,Flumevale,Yes,Water Supply,Earth,100.54,2.767,110551373.0,2000.0,1994.0,41.7246,1415.272306,Missing,1.0,7.22,High,Satisfactory,2017.0,0.093,838.0,418.6,21.0,1277.6,110.7467308461666
2996,SOAD04577,Flumevale,Yes,Flood Risk Reduction,Earth,21.371,0.91,79633.0,1973.0,1993.0,1.70602,178.44043,Uncontrolled,3.0,23.36,Significant,Satisfactory,2021.0,0.1266,609.1,294.2,16.36,919.66,110.76955701828004
1119,SOAD08222,Flumevale,Yes,Water Supply,Earth,13.232,0.195,39000.0,1951.0,1994.0,0.10441,5.32658,Missing,1.0,0.16,Significant,Satisfactory,2017.0,0.1092,11.6,883.7,47.4,942.7,110.89347897842526
2458,SOAD17813,Flumevale,Yes,Water Supply,Earth,9.608,0.3,25000.0,1929.0,1997.0,0.93772,7.98987,Missing,1.0,20.974,Significant,Satisfactory,2017.0,0.112,713.5,135.7,71.3,920.5,110.9226831458509
3128,SOAD16692,Flumevale,Yes,Hydroelectric,Earth,31.088,5.3,1840000.0,1967.0,1992.0,5.09245,34.62277,Uncontrolled,1.0,10.02,High,Satisfactory,2023.0,0.082,865.8,282.2,88.9,1236.9,111.00068779438736
1947,SOAD09924,Flumevale,Yes,Hydroelectric,Earth,21.61,0.173,24840.599999999977,1907.0,1997.0,0.52599,2591.38117,Uncontrolled,1.0,9.386,High,Fair,2023.0,0.1091,675.0,547.5,24.16,1246.66,111.23585984811189
3298,SOAD06301,Flumevale,Yes,Fish and Wildlife Pond,Earth,11.984,4.167,33764.99999999997,1905.0,1995.0,23.36617,79.89869999999999,Missing,1.0,6.13,High,Satisfactory,2022.0,0.0969,920.6,331.3,29.68,1281.5800000000002,111.56823038548232
2386,SOAD06929,Flumevale,Yes,Irrigation,Earth,8.213,0.508,23486.0,1928.0,1997.0,0.31323,0.0,Uncontrolled,2.0,14.92,Significant,Satisfactory,2022.0,0.1018,472.1,415.9,37.8,925.8,111.65373558551072
3420,SOAD08627,Flumevale,Yes,Water Supply,Earth,147.515,0.363,6860000.0,1974.0,1998.0,10.62815,3145.34549,Controlled,1.0,18.63,High,Fair,2023.0,0.1138,797.9,392.4,7.5,1197.8,111.91423498690128
3358,SOAD01903,Flumevale,Yes,Water Supply,Earth,16.695,0.227,64500.0,1921.0,2010.0,42.29787,743.05791,Missing,1.0,6.0,High,Satisfactory,2017.0,0.0816,726.7,396.1,58.9,1181.7000000000005,111.9632600024343
2421,SOAD16800,Flumevale,Yes,Flood Risk Reduction,Earth,15.061,0.733,81000.0,1978.0,1991.0,0.27974,21.30632,Uncontrolled,3.0,0.0,High,Satisfactory,2021.0,0.0956,663.5,510.3,18.84,1192.64,111.97929341316224
2649,SOAD18098,Flumevale,Yes,Recreation,Earth,21.821,0.167,102759.0,1968.0,1986.0,0.42749,13.31645,Uncontrolled,1.0,36.54,High,Unsatisfactory,2022.0,0.1403,598.4,226.1,9.2,833.7,112.34834966808558
3466,SOAD20654,Flumevale,No,Flood Risk Reduction,Earth,81.805,0.601,5833000.0,1958.0,1999.0,78.77833,8495.8951,Uncontrolled,1.0,23.65,High,Not Available,2021.0,0.0813,733.6,440.8,40.54,1214.94,112.53099276646972
3052,SOAD01001,Flumevale,No,Water Supply,Earth,7.152,5.86,0.0,2010.0,1997.0,3.37658,0.0,Uncontrolled,1.0,0.0,High,Not Available,2020.0,0.1438,888.3,346.1,6.7,1241.1,112.60414801687
3040,SOAD16967,Flumevale,Yes,Flood Risk Reduction,Earth,14.351,0.676,0.0,1991.0,1996.0,11.06155,194.42017,Missing,1.0,8.3,High,Satisfactory,2017.0,0.096,780.2,413.5,32.7,1226.4,112.72895593643187
2875,SOAD08641,Flumevale,Yes,Recreation,Earth,9.256,1.393,27799.99999999997,1961.0,1999.0,1.40264,0.0,Uncontrolled,1.0,3.07,High,Fair,2021.0,0.1258,436.0,771.8,8.6,1216.4,112.77090727090837
3325,SOAD08643,Flumevale,Yes,Fish and Wildlife Pond,Earth,13.436,3.576,0.0,1900.0,1978.0,14.68044,127.83792,Uncontrolled,1.0,0.0,High,Satisfactory,2022.0,0.0956,828.4,401.1,30.94,1260.44,112.78103177189828
2074,SOAD02737,Flumevale,Yes,Water Supply,Earth,10.033,0.6,97800.0,1951.0,2007.0,0.38612,13.31645,Missing,1.0,0.16,High,Satisfactory,2017.0,0.1038,405.5,749.5,66.3,1221.3,112.80458788722753
2337,SOAD02492,Flumevale,Yes,Water Supply,Earth,8.768,0.467,105000.0,1978.0,2000.0,0.53781,2.66329,Missing,1.0,0.16,High,Satisfactory,2017.0,0.0909,356.4,875.7,26.6,1258.6999999999998,112.83084202334284
2850,SOAD10528,Flumevale,Yes,Hydroelectric,Earth,15.943,0.195,63120.0,1947.0,1997.0,1.89908,5449.09134,Controlled,1.0,1.61,High,Fair,2023.0,0.1202,495.7,617.8,83.3,1196.8,112.95362582206724
3077,SOAD17752,Flumevale,Yes,Irrigation,Earth,15.156,1.767,75068.0,1914.0,1999.0,3.43568,69.24554,Uncontrolled,2.0,18.0,Significant,Satisfactory,2021.0,0.1194,646.6,235.7,24.5,906.8,113.10450720787048
1727,SOAD01841,Flumevale,Yes,Irrigation,Earth,10.689,0.033,6933.0,1938.0,1995.0,0.13002,0.0,Uncontrolled,2.0,4.88,Significant,Fair,2022.0,0.1311,17.9,871.6,3.2,892.7,113.19574403166772
2568,SOAD16793,Flumevale,Yes,Irrigation,Earth,7.236,0.328,40052.0,1978.0,1995.0,0.69738,0.0,Controlled,2.0,3.07,Significant,Satisfactory,2022.0,0.1262,55.2,853.0,25.7,933.9,113.30571774467826
3249,SOAD19405,Flumevale,Yes,Irrigation,Earth,59.343,0.7,981825.0,1959.0,1997.0,9.09352,170.45056,Uncontrolled,1.0,12.47,High,Not Available,2022.4,0.1218,726.1,422.2,30.6,1178.9,113.31769483089448
2659,SOAD09809,Flumevale,Yes,Fish and Wildlife Pond,Earth,10.736,0.25,25805.0,1902.0,1999.0,0.91605,13.31645,Uncontrolled,2.0,0.0,Significant,Satisfactory,2021.0,0.125,383.4,551.5,26.94,961.84,113.32366837501526
2551,SOAD01777,Flumevale,Yes,Flood Risk Reduction,Earth,23.437,0.16,120000.0,1998.0,2002.0,0.77027,167.78727,Missing,1.0,4.404000000000004,High,Satisfactory,2017.0,0.0803,523.4,664.8,45.02,1233.2199999999998,113.38157686665652
3469,SOAD01101,Flumevale,Yes,Water Supply,Earth,32.962,2.433,4729600.000000001,1956.0,2007.0,64.24564,817.0973720000002,Missing,1.0,13.5,High,Satisfactory,2023.0,0.0875,881.8,373.6,35.0,1290.4,113.43514650464058
2309,SOAD13205,Flumevale,Yes,Water Supply,Earth,14.273,0.237,30000.0,1957.0,2004.0,0.4944699999999999,98.54173,Missing,1.0,0.968,High,Satisfactory,2017.0,0.081,388.0,802.7,46.7,1237.4,113.48154987096788
1570,SOAD03980,Flumevale,Yes,Hydroelectric,Earth,19.371,0.389,80000.0,1913.0,1986.0,0.1576,18.64303000000018,Missing,1.0,3.3,Significant,Satisfactory,2023.0,0.1223,17.3,837.6,84.7,939.6,113.50549634993077
2281,SOAD19553,Flumevale,Yes,Water Supply,Earth,17.009,0.425,360445.0,1932.0,2001.0,0.27777,0.0,Missing,1.0,0.0,High,Satisfactory,2020.0,0.075,500.6,735.3,7.5,1243.4,113.88709415644408
3254,SOAD20611,Flumevale,Yes,Irrigation,Earth,12.238,0.8,48824.0,1910.0,2001.0,13.45707,42.61264,Uncontrolled,1.0,11.34,High,Unsatisfactory,2022.0,0.1407,670.0,207.6,18.9,896.5,114.0072873532772
2955,SOAD08254,Flumevale,Yes,Irrigation,Earth,7.24,0.96,96114.80000000002,2007.0,2001.0,2.5807,15.97974,Uncontrolled,2.0,6.488,Significant,Satisfactory,2022.0,0.1381,487.1,422.8,9.3,919.2,114.31589884757996
3411,SOAD00800,Flumevale,Yes,Tailings,Earth,146.141,1.547,12368436.0,1961.0,1998.0,15.747392,6950.121584,Missing,1.0,22.74,High,Not Available,2022.6,0.1258,751.2,346.7,42.42,1140.3200000000002,114.34582864880564
211,SOAD06671,Flumevale,Yes,Recreation,Earth,5.899,0.06,5919.0,1890.0,1991.0,0.03152,0.0,Uncontrolled,2.0,1.69,Significant,Satisfactory,2021.0,0.1239,19.9,936.9,3.4,960.2,114.41312191188337
18,SOAD14182,Flumevale,No,Tailings,Earth,8.658,0.267,2220.0,1956.0,1985.0,25.065886000000003,9162.782916000002,Missing,0.0,4.75,High,Not Available,2019.4,0.1235,844.9,374.4,30.08,1249.38,114.95301351830364
1669,SOAD14959,Flumevale,Yes,Water Supply,Earth,8.381,0.3,44000.0,1955.0,2005.0,0.27974,7.98987,Missing,1.0,0.9359999999999964,High,Satisfactory,2017.0,0.0755,529.1,678.8,34.4,1242.3000000000002,114.95420846119524
219,SOAD15427,Flumevale,Yes,Recreation,Earth,7.911,0.142,24908.0,1974.0,2006.0,0.03546,0.0,Uncontrolled,2.0,0.0,Significant,Satisfactory,2022.0,0.0992,13.0,933.6,7.4,954.0,114.95841287076472
2759,SOAD05341,Flumevale,Yes,Water Supply,Earth,23.351,0.392,108246.0,1957.0,2003.0,0.89438,2.66329,Missing,1.0,2.8180000000000014,High,Satisfactory,2017.0,0.0719,599.9,614.8,62.7,1277.4,114.97891012430192
3365,SOAD05144,Flumevale,Yes,Water Supply,Earth,67.308,2.558,1460000.0,2012.0,1998.0,9.14671,74.57212,Uncontrolled,1.0,0.0,High,Satisfactory,2022.0,0.1,501.8,764.2,13.7,1279.7,115.00996448993683
3096,SOAD18432,Flumevale,Yes,Other,Earth,35.792,0.191,272000.0,1926.0,1992.0,3.13033,125.17463,Missing,1.0,14.27,High,Poor,2022.0,0.1293,730.1,271.5,47.92,1049.52,115.09403015077112
3506,SOAD02362,Flumevale,Yes,Hydroelectric,Earth,48.881,0.583,1533000.0,1927.0,2003.0,219.71607,3566.14531,Uncontrolled,1.0,8.16,High,Fair,2023.0,0.121,890.7,219.2,92.4,1202.3000000000002,115.1721584312618
3346,SOAD09427,Flumevale,Yes,Water Supply,Earth,85.569,0.743,7600000.0,1971.0,1996.0,8.36068,237.03281,Uncontrolled,1.0,32.35399999999999,High,Fair,2023.0,0.123,618.4,586.7,28.3,1233.4,115.18359045088292
2751,SOAD10363,Flumevale,Yes,Irrigation,Earth,4.057,0.223,18921.4,1905.0,1987.0,0.57327,0.0,Uncontrolled,2.0,5.0,Significant,Satisfactory,2022.0,0.1238,254.9,635.3,46.4,936.6,115.3079139009118
2822,SOAD09927,Flumevale,Yes,Irrigation,Earth,6.993,0.548,33509.0,1911.0,1999.0,2.13942,29.29619,Uncontrolled,1.0,4.97,High,Fair,2022.0,0.1271,345.5,842.4,32.9,1220.8000000000002,115.33629106283188
3341,SOAD18303,Flumevale,Yes,Irrigation,Arch,37.476,0.189,22000.0,1927.0,1992.0,6.70588,218.38978,Controlled,1.0,16.28,High,Satisfactory,2023.0,0.1027,732.7,471.8,26.2,1230.7,115.37717137932778
260,SOAD02308,Flumevale,Yes,Flood Risk Reduction,Earth,13.077,0.083,34564.0,1958.0,1999.0,0.02561,0.0,Uncontrolled,3.0,1.63,Significant,Satisfactory,2021.0,0.1108,26.5,928.3,21.34,976.14,115.41470512658356
3223,SOAD11847,Flumevale,No,Flood Risk Reduction,Concrete,55.997,0.349,197000.0,1949.0,1992.0,5.41159,45624.82099,Controlled,1.0,6.29,High,Not Available,2023.0,0.1252,794.3,282.3,61.58,1138.1799999999998,115.471604591459
1410,SOAD16073,Flumevale,Yes,"Fire Protection, Stock, Or Small Fish Pond",Earth,19.546,0.267,140500.0,1958.0,2002.0,0.05713,0.0,Uncontrolled,1.0,1.58,High,Not Rated,2013.4,0.1273,31.0,926.3,48.94,1006.24,115.47473444461822
3270,SOAD13025,Flumevale,Yes,Water Supply,Earth,12.349,0.412,55000.0,1911.0,2005.0,32.56804,74.57212,Missing,1.0,7.35,High,Satisfactory,2017.0,0.0892,789.3,435.5,26.6,1251.4,115.48999867886306
2902,SOAD17042,Flumevale,Yes,Water Supply,Earth,34.166,0.385,65600.0,1935.0,1998.0,0.8451299999999999,34.62277,Uncontrolled,1.0,1.67,High,Fair,2022.0,0.1107,712.8,487.0,25.7,1225.5,115.61926291510464
3435,SOAD20143,Flumevale,Yes,Water Supply,Earth,7.181,11.0,695700.0,1890.0,1995.0,191.80905,2665.95329,Missing,1.0,6.691999999999998,Significant,Satisfactory,2017.0,0.128,805.8,133.5,16.7,956.0,115.63795673847198
2833,SOAD09858,Flumevale,Yes,Hydroelectric,Concrete,45.561,0.125,54000.0,1964.0,1991.0,0.88059,4197.34504,Uncontrolled,1.0,1.59,High,Fair,2023.0,0.1124,612.4,587.9,92.7,1293.0,115.64716666191816
3235,SOAD13555,Flumevale,Yes,Flood Risk Reduction,Earth,17.845,8.433,0.0,1948.0,2000.0,17.33206,617.88328,Missing,1.0,6.44,High,Satisfactory,2017.0,0.0921,829.0,466.0,28.78,1323.78,115.72509632572532
2998,SOAD10595,Flumevale,Yes,Water Supply,Arch,46.958,0.128,14000.0,1937.0,1995.0,1.83604,42.61264,Missing,1.0,2.1720000000000006,High,Satisfactory,2017.0,0.0962,380.2,820.6,23.5,1224.3,115.77300645187496
3222,SOAD04459,Flumevale,Yes,Water Supply,Earth,47.82,0.475,789000.0,1933.0,1988.0,5.21262,455.42259,Missing,1.0,6.68,High,Poor,2020.0,0.12,783.2,250.2,23.2,1056.6,115.8006835117936
2033,SOAD01116,Flumevale,Yes,Irrigation,Earth,7.919,0.358,112000.0,1908.0,2000.0,0.27777,15.97974,Uncontrolled,1.0,4.63,High,Satisfactory,2022.0,0.0942,444.6,802.5,9.1,1256.1999999999998,115.80551819801327
3277,SOAD12854,Flumevale,No,Water Supply,Concrete,47.192,0.102,0.0,1941.0,1987.0,6.82014,767.02752,Uncontrolled,5.0,15.14,High,Not Available,2021.8,0.1005,929.7,196.9,55.1,1181.7,116.00035432577134
2678,SOAD01694,Flumevale,Yes,Water Supply,Earth,7.011,1.033,38805.0,1906.0,2016.0,1.16427,7.98987,Uncontrolled,2.0,6.53,Significant,Satisfactory,2021.0,0.1301,411.6,460.1,68.7,940.4,116.17824832797052
3395,SOAD12476,Flumevale,Yes,Water Supply,Concrete,50.985,0.125,50000.0,1932.0,1999.0,30.36952,7273.44499,Uncontrolled,1.0,9.81,High,Satisfactory,2022.0,0.0989,754.6,464.5,39.8,1258.9,116.26052008941772
2560,SOAD10039,Flumevale,Yes,Hydroelectric,Earth,8.494,0.094,2500.0,1856.0,1990.0,0.49644,2.66329,Uncontrolled,1.0,2.182000000000002,High,Satisfactory,2023.0,0.1086,425.9,920.0,17.3,1363.2,116.4141926765442
3489,SOAD04902,Flumevale,Yes,Flood Risk Reduction,Earth,142.099,0.262,3080000.0,1965.0,1996.0,75.02745,24859.14886,Controlled,1.0,117.25,High,Not Available,2022.8,0.1357,906.5,160.5,58.98,1125.98,116.53879704788328
29,SOAD10234,Flumevale,Yes,Water Supply,Earth,7.349,0.06,36084.79999999999,2007.0,2016.0,0.00788,0.0,Uncontrolled,2.0,3.35,Significant,Satisfactory,2021.0,0.1222,33.1,879.3,54.1,966.5,116.60262347385289
3043,SOAD16683,Flumevale,Yes,Irrigation,Earth,19.878,0.507,136000.0,1938.0,1996.0,5.13382,82.56199,Uncontrolled,1.0,6.47,High,Not Available,2022.0,0.1305,753.2,466.8,2.8,1222.8,116.68275007009504
3171,SOAD18297,Flumevale,Yes,Irrigation,Earth,11.536,0.4,17113.0,1902.0,1977.0,6.16413,45.27593,Uncontrolled,2.0,17.62,Significant,Satisfactory,2021.0,0.1143,517.2,399.5,30.8,947.5,116.7066701501608
3302,SOAD09991,Flumevale,Yes,Water Supply,Earth,65.4,0.72,3240000.0,1964.0,1999.0,6.85954,284.97203,Missing,1.0,5.65,High,Satisfactory,2019.0,0.0825,946.1,286.9,33.2,1266.2,116.73112569451332
2333,SOAD02591,Flumevale,Yes,Flood Risk Reduction,Earth,5.002,1.233,0.0,1989.0,1992.0,0.71905,21.30632,Missing,1.0,0.0,Significant,Satisfactory,2017.0,0.1264,242.6,668.1,20.9,931.6,116.73864679932596
2426,SOAD03431,Flumevale,Yes,Water Supply,Earth,21.199,0.287,134787.0,1912.0,2004.0,0.41567,50.60251,Missing,1.0,0.32,High,Satisfactory,2017.0,0.1033,625.8,575.5,37.8,1239.1,116.860112516582
3192,SOAD06679,Flumevale,Yes,Irrigation,Earth,14.608,2.467,15000.0,1978.0,2000.0,6.77877,34.62277,Uncontrolled,1.0,4.65,High,Satisfactory,2022.0,0.09,500.8,769.2,30.7,1300.7,117.09896784201264
2880,SOAD15291,Flumevale,Yes,Irrigation,Earth,10.459,0.037,5042.0,1898.0,2002.0,1.08547,0.0,Uncontrolled,1.0,32.16,High,Unsatisfactory,2022.0,0.1218,695.3,205.6,12.2,913.1,117.23606498390436
2936,SOAD05063,Flumevale,Yes,Recreation,Earth,7.233,1.333,17866.399999999994,1928.0,1987.0,5.40765,7.98987,Uncontrolled,2.0,16.56,Significant,Fair,2021.0,0.1259,504.7,448.9,8.5,962.1,117.247051794827
3160,SOAD07079,Flumevale,Yes,Irrigation,Earth,22.115,2.217,1522.0,1903.0,1998.0,6.48327,199.74675,Uncontrolled,1.0,4.75,High,Satisfactory,2022.0,0.0721,845.7,391.8,29.1,1266.6,117.27074343860149
3335,SOAD08064,Flumevale,Yes,Tailings,Earth,80.534,0.76,2483797.9999999995,1947.0,1993.0,19.5621,454.357274,Missing,1.0,19.82,High,Not Available,2018.0,0.1098,929.2,201.6,30.540000000000003,1161.34,117.30423901572824
2672,SOAD19133,Flumevale,Yes,Irrigation,Earth,8.744,1.233,35000.0,1925.0,2000.0,0.71511,0.0,Uncontrolled,1.0,4.63,High,Satisfactory,2022.0,0.0846,404.5,893.8,9.2,1307.5,117.40978868678212
3032,SOAD14488,Flumevale,Yes,Water Supply,Earth,58.198,0.755,834000.0,1960.0,1997.0,1.40855,7.98987,Missing,1.0,0.0,High,Satisfactory,2017.0,0.1095,508.3,723.8,29.4,1261.5,117.41895262151957
2186,SOAD18457,Flumevale,Yes,Recreation,Earth,6.938,0.467,35557.0,1909.0,2003.0,0.43537,0.0,Uncontrolled,2.0,1.54,Significant,Satisfactory,2022.0,0.1334,658.0,314.2,5.8,978.0,117.6790805608034
3465,SOAD15250,Flumevale,Yes,Water Supply,Rockfill,62.184,0.833,755634.6000000001,1964.0,2003.0,62.81345,4647.441049999999,Uncontrolled,1.0,12.53,High,Satisfactory,2023.0,0.0872,827.2,464.8,8.5,1300.5,117.75657099857926
3284,SOAD14680,Flumevale,Yes,Hydroelectric,Concrete,118.441,0.35,4458000.0,1955.0,1996.0,3.30369,649.84276,Uncontrolled,1.0,11.7,High,Fair,2023.0,0.0943,787.6,396.9,93.9,1278.4,117.81511697769166
1355,SOAD04873,Flumevale,Yes,Recreation,Earth,11.725,0.6,86424.0,1972.0,2006.0,0.10441,0.0,Uncontrolled,2.0,0.0,Significant,Satisfactory,2022.0,0.1209,33.6,952.6,4.0,990.2,117.92518123388292
2748,SOAD06575,Flumevale,Yes,Water Supply,Earth,32.611,0.367,250000.0,1971.0,1994.0,0.82543,58.59238,Missing,1.0,0.0,High,Satisfactory,2017.0,0.1036,486.2,785.5,7.1,1278.8,117.94683908224106
12,SOAD00531,Flumevale,No,Hydroelectric,Concrete,5.452,2.467,61472.0,1988.0,1988.0,22.469032,545.4417919999999,Missing,1.0,16.83,Significant,Satisfactory,2023.0,0.1362,441.6,446.0,78.2,965.8,118.007898555696
3297,SOAD02128,Flumevale,Yes,Water Supply,Arch,55.321,0.263,30360.0,1949.0,2002.0,8.668,2290.4294,Missing,1.0,11.78,High,Fair,2017.0,0.1108,764.0,438.0,60.5,1262.5,118.21716967970131
3074,SOAD11504,Flumevale,Yes,Water Supply,Earth,55.392,0.467,1600000.0,1972.0,2002.0,1.3199,5.32658,Missing,1.0,0.82,High,Satisfactory,2017.0,0.085,558.8,668.3,63.8,1290.9,118.3308001868427
3020,SOAD17530,Flumevale,Yes,Other,Earth,5.039,8.0,891400.0,1973.0,2004.0,8.29961,13.31645,Missing,1.0,0.16,High,Satisfactory,2017.0,0.1033,508.4,780.2,23.86,1312.4599999999998,118.3780437622964
3041,SOAD08197,Flumevale,Yes,Water Supply,Earth,45.125,1.393,58000.0,1979.0,2003.0,1.7336,343.56441,Uncontrolled,1.0,0.0,High,Satisfactory,2022.0,0.0823,690.3,528.9,64.9,1284.1,118.43567099273204
3382,SOAD01310,Flumevale,Yes,Water Supply,Earth,81.287,0.39,2679680.0,1934.0,2001.0,12.66119,1374.25764,Missing,1.0,10.64,High,Poor,2020.0,0.1235,575.3,455.1,61.5,1091.9,118.46071658954024
3016,SOAD13509,Flumevale,No,Recreation,Concrete,4.34,0.088,635.0,1934.0,1994.0,0.2312780000000001,229.04294000000004,Controlled,3.0,6.558,Significant,Not Rated,2018.6,0.1837,417.1,438.6,8.5,864.2,118.5054342120886
416,SOAD12118,Flumevale,No,Water Supply,Earth,10.562,0.1,0.0,1946.0,1985.0,10.979204,13343.0829,Missing,0.0,2.686,High,Not Available,2021.6,0.1108,821.7,477.8,29.3,1328.8,118.53629280328752
1945,SOAD20172,Flumevale,Yes,Water Supply,Earth,9.502,0.027,16050.0,1927.0,2007.0,0.31126,5.32658,Missing,1.0,0.0640000000000036,High,Satisfactory,2017.0,0.087,550.0,702.1,31.9,1284.0,118.89600250124931
2027,SOAD04445,Flumevale,Yes,Water Supply,Earth,20.698,0.13,45000.0,1985.0,2005.0,0.1832099999999999,3.7286059999999,Missing,1.0,3.38,Significant,Satisfactory,2017.0,0.1219,30.7,913.8,28.0,972.5,119.02204528450966
2585,SOAD02009,Flumevale,Yes,Fish and Wildlife Pond,Earth,6.368,2.287,150000.0,1892.0,1992.0,0.54766,0.0,Uncontrolled,2.0,1.61,Significant,Satisfactory,2021.0,0.1158,650.5,360.1,12.320000000000002,1022.92,119.123352060616
3154,SOAD10748,Flumevale,Yes,Irrigation,Earth,14.325,0.861,55738.0,1905.0,1998.0,4.57631,74.57212,Uncontrolled,1.0,8.33,High,Satisfactory,2022.0,0.0719,835.7,409.3,31.3,1276.3,119.19406001865865
331,SOAD18155,Flumevale,Yes,Water Supply,Earth,8.036,0.21,27122.400000000023,1957.0,1989.0,0.2427039999999998,28.76353199999994,Missing,1.0,2.28,Significant,Fair,2017.0,0.1521,54.0,826.4,68.4,948.8,119.21693544387816
1431,SOAD01327,Flumevale,Yes,Water Supply,Earth,4.107,0.267,28000.0,1923.0,2005.0,0.32505,162.46069,Missing,1.0,0.0,High,Satisfactory,2017.0,0.1025,290.6,940.1,47.9,1278.6,119.2319350719452
3324,SOAD18752,Flumevale,Yes,Other,Earth,12.317,0.065,92700.0,1915.0,1986.0,26.28965,77.23541,Missing,1.0,12.65,High,Fair,2023.0,0.1177,774.2,476.2,33.2,1283.6,119.34529923200608
3267,SOAD16250,Flumevale,Yes,Water Supply,Earth,65.757,0.283,2449800.0,1960.0,1995.0,4.87181,151.80753,Missing,1.0,0.5,High,Satisfactory,2017.0,0.0983,884.6,338.2,23.8,1246.6,119.51436938941478
2226,SOAD01577,Flumevale,Yes,Irrigation,Earth,7.081,0.332,34841.0,1920.0,2004.0,0.51811,21751.08943,Controlled,5.0,0.0,High,Not Rated,2017.4,0.0748,188.1,847.7,16.7,1052.5,119.85608976334332
3135,SOAD10883,Flumevale,Yes,Water Supply,Earth,27.374,0.95,129380.0,1910.0,1983.0,3.58934,516.67826,Controlled,1.0,24.88,High,Fair,2022.0,0.1075,853.7,359.1,68.2,1281.0000000000002,119.89558390527964
2681,SOAD13512,Flumevale,Yes,Water Supply,Earth,15.822,0.5,86044.0,1939.0,1998.0,0.4865899999999999,0.0,Uncontrolled,1.0,3.15,High,Unsatisfactory,2022.0,0.1404,379.5,531.2,42.0,952.7,119.94521424472332
3452,SOAD06442,Flumevale,Yes,Water Supply,Earth,106.27,1.967,13925556.0,1963.0,1993.0,27.63122,2396.961,Uncontrolled,1.0,0.0,High,Satisfactory,2022.0,0.0902,663.6,588.1,29.3,1281.0,119.96865425258876
3354,SOAD01690,Flumevale,Yes,Hydroelectric,Concrete,15.245,0.103,4000.0,1916.0,1991.0,5.60465,2693.651506,Controlled,1.0,19.08,High,Fair,2023.0,0.1294,719.7,455.7,71.8,1247.2,120.07668184638024
2674,SOAD18123,Flumevale,Yes,Recreation,Earth,26.065,0.134,75591.0,1963.0,1998.0,0.84119,125.17463,Uncontrolled,2.0,28.66,Significant,Satisfactory,2021.0,0.1317,559.2,434.4,3.6,997.2,120.38463548719884
3200,SOAD10368,Flumevale,Yes,Water Supply,Earth,74.758,0.27,2081818.0,1953.0,2001.0,3.76073,191.75688,Missing,1.0,2.35,High,Fair,2022.0,0.1221,503.6,699.4,40.9,1243.9,120.46452360525728
3345,SOAD14787,Flumevale,Yes,Hydroelectric,Rockfill,35.464,0.303,380000.0,1963.0,2001.0,12.67104,58.59238,Missing,1.0,71.46,Significant,Satisfactory,2023.0,0.1296,767.7,169.5,79.3,1016.5,120.5185133293271
3108,SOAD07544,Flumevale,Yes,Water Supply,Earth,51.638,0.34,2000000.0,1965.0,1993.0,1.97394,7.98987,Missing,1.0,0.16,High,Satisfactory,2017.0,0.0788,681.0,588.4,27.1,1296.5,120.67671190947294
2450,SOAD01871,Flumevale,Yes,Irrigation,Earth,8.676,0.37,95910.0,1863.0,1993.0,0.5969099999999999,0.0,Uncontrolled,1.0,0.0,High,Unsatisfactory,2022.0,0.1506,619.7,284.5,17.7,921.9,120.706309966743
3184,SOAD10616,Flumevale,Yes,Water Supply,Earth,38.245,0.242,540000.0,1870.0,1993.0,4.72603,31.95948,Missing,1.0,11.13,High,Fair,2019.0,0.1117,909.0,341.7,25.2,1275.9,120.8024545311928
3445,SOAD13310,Flumevale,No,Irrigation,Earth,90.933,0.504,4517000.0,1970.0,1999.0,33.0566,948.13124,Uncontrolled,1.0,23.04,High,Not Available,2022.2,0.0925,921.0,322.1,10.2,1253.3,121.14543854147196
3230,SOAD08235,Flumevale,Yes,Other,Gravity,86.297,0.25,513956.0,1935.0,2003.0,3.42583,1496.76898,Missing,1.0,3.99,High,Satisfactory,2017.0,0.0831,686.6,565.5,34.6,1286.6999999999998,121.15440398678182
2489,SOAD14666,Flumevale,Yes,Hydroelectric,Earth,30.879,0.575,381500.0,1953.0,2008.0,3143.66296,55.92909,Missing,1.0,11.25,High,Not Available,2020.8,0.1079,898.2,327.0,88.9,1314.1,121.20500365570189
2937,SOAD08794,Flumevale,Yes,Irrigation,Earth,9.513,0.653,36873.0,1903.0,2003.0,1.48538,0.0,Uncontrolled,2.0,4.86,Significant,Satisfactory,2021.0,0.1216,613.2,370.9,1.0,985.1,121.2768904209137
2881,SOAD04363,Flumevale,Yes,Water Supply,Earth,10.28,0.933,0.0,1891.0,2007.0,1.85771,34.62277,Missing,1.0,3.11,High,Satisfactory,2017.0,0.0869,496.0,759.7,61.5,1317.2,121.50966451764108
2547,SOAD14708,Flumevale,Yes,Irrigation,Earth,11.053,0.907,77300.0,1954.0,2001.0,0.69344,21.30632,Uncontrolled,2.0,9.8,Significant,Satisfactory,2022.0,0.1406,674.8,291.6,23.3,989.7,121.6302604213357
3419,SOAD10827,Flumevale,Yes,Irrigation,Earth,76.502,0.373,2095240.0,1949.0,1997.0,15.73833,119.84805,Missing,1.0,3.3,High,Not Available,2020.2,0.1398,850.4,353.5,39.1,1243.0,121.6741546317935
3422,SOAD16755,Flumevale,Yes,Irrigation,Earth,83.309,0.479,3905000.0,1949.0,1992.0,16.46329,127.83792,Missing,1.0,3.11,High,Not Available,2019.8,0.135,870.1,357.1,16.1,1243.3,121.70352087989448
1215,SOAD14458,Flumevale,Yes,Flood Risk Reduction,Earth,18.735,0.128,0.0,1932.0,1999.0,5.734276,1630.4661379999998,Missing,1.0,0.77,High,Fair,2022.0,0.104,648.9,564.8,57.03999999999999,1270.7399999999998,121.72963646113872
0,SOAD02636,Flumevale,No,Water Supply,Concrete,2.018,0.017,50963.0,1968.0,1968.0,0.70723,260.46976199999995,Controlled,2.0,8.16,Significant,Not Rated,2018.2,0.1547,416.3,441.8,52.6,910.7,121.81343189328908
3471,SOAD13868,Flumevale,No,Flood Risk Reduction,Earth,126.218,1.0,0.0,1983.0,1999.0,21.16174,929.48821,Uncontrolled,5.0,18.36,High,Not Available,2023.0,0.1164,774.5,413.4,67.6,1255.5,121.88362163677812
2583,SOAD06866,Flumevale,Yes,Recreation,Earth,33.722,0.227,307411.0,1937.0,1993.0,0.28368,133.1645,Uncontrolled,1.0,0.0,High,Not Rated,2016.2,0.1356,379.7,622.7,6.5,1008.9,121.88468492478133
1552,SOAD15985,Flumevale,Yes,Recreation,Earth,14.429,0.383,45765.0,1900.0,1996.0,0.12411,0.0,Uncontrolled,1.0,0.0,High,Unsatisfactory,2022.0,0.1339,38.4,895.5,7.8,941.7,122.28664908707142
2977,SOAD02572,Flumevale,Yes,Water Supply,Earth,20.62,1.459,70114.0,1976.0,2000.0,1.69223,82.56199,Uncontrolled,2.0,28.35,Significant,Satisfactory,2022.0,0.1086,715.0,267.8,43.7,1026.5,122.34222538024189
3470,SOAD13071,Flumevale,Yes,Water Supply,Earth,16.77,1.5,341497.8,1912.0,2008.0,64.05651999999999,215.19383200000016,Missing,1.0,13.07,High,Satisfactory,2023.0,0.0868,896.7,364.2,39.8,1300.7,122.37193131893872
1005,SOAD15279,Flumevale,No,Other,Earth,10.616,0.267,0.0,1985.0,1995.0,0.0925899999999999,1306.610074,Missing,1.0,3.22,Significant,Not Available,2016.8,0.152,233.9,666.2,17.84,917.94,122.73036826908589
2951,SOAD20511,Flumevale,Yes,Irrigation,Earth,19.184,1.05,46666.0,1911.0,1995.0,1.55827,7.98987,Uncontrolled,1.0,4.68,High,Satisfactory,2022.0,0.0946,649.2,634.2,42.7,1326.1,122.74106037169696
3180,SOAD12537,Flumevale,Yes,Irrigation,Earth,58.501,0.193,1006000.0,1962.0,1996.0,3.4869,370.19731,Missing,1.0,1.58,High,Not Available,2018.4,0.1193,752.2,469.7,27.1,1249.0,123.34962249547245
3417,SOAD16687,Flumevale,Yes,Irrigation,Earth,87.853,0.422,2961350.0,1949.0,1999.0,16.13036,117.18476,Missing,1.0,3.38,High,Not Available,2018.6,0.0993,926.5,329.8,5.3,1261.6,123.49486201405524
3265,SOAD20221,Flumevale,Yes,Water Supply,Earth,5.682,0.367,10000.0,1904.0,2003.0,21.43951,617.88328,Missing,1.0,4.511999999999999,High,Satisfactory,2017.0,0.0881,632.5,696.6,13.9,1343.0,123.59645502269268
2931,SOAD06307,Flumevale,Yes,Water Supply,Earth,27.895,0.628,57938.0,1903.0,2003.0,1.2411,29.29619,Uncontrolled,1.0,1.66,High,Fair,2022.0,0.0942,473.5,797.6,46.9,1318.0,123.60592344403268
2445,SOAD07525,Flumevale,Yes,Water Supply,Earth,13.624,1.317,30233.60000000001,2019.0,2008.0,0.42946,0.0,Uncontrolled,1.0,3.09,High,Fair,2022.0,0.1068,489.8,808.6,32.7,1331.1,123.61698193922638
3090,SOAD04815,Flumevale,Yes,Water Supply,Buttress,5.735,0.015,0.0,1927.0,2000.0,7.98835,106.5316,Missing,1.0,5.0,Significant,Satisfactory,2017.0,0.1212,527.8,388.7,35.6,952.1,123.69190030694008
2357,SOAD12074,Flumevale,Yes,Irrigation,Earth,3.509,0.167,880.0,1961.0,1960.0,0.5811499999999999,21.30632,Uncontrolled,2.0,1.59,Significant,Satisfactory,2022.0,0.1208,211.7,788.1,46.0,1045.8,123.82593805789946
3473,SOAD12531,Flumevale,Yes,Flood Risk Reduction,Buttress,86.891,3.41,13000000.0,1975.0,1996.0,46.70476,34175.33728,Missing,1.0,4.79,High,Not Available,2021.0,0.1022,613.9,656.8,59.28,1329.9799999999998,123.8847993917763
3446,SOAD00450,Flumevale,No,Irrigation,Earth,115.95,0.667,9310000.0,1959.0,1999.0,22.09158,295.62519,Uncontrolled,1.0,1.58,High,Not Available,2022.8,0.1182,929.7,335.1,45.3,1310.1,123.98934007957575
3329,SOAD02203,Flumevale,Yes,Hydroelectric,Earth,107.78,0.4,5232000.0,1961.0,2000.0,5.09442,167.78727,Controlled,1.0,11.73,High,Satisfactory,2023.0,0.0859,915.2,363.9,86.4,1365.5,124.032676294446
3182,SOAD18677,Flumevale,No,Water Supply,Earth,33.671,0.781,1248000.0,1966.0,1995.0,3.76073,151.80753,Uncontrolled,1.0,0.0,High,Not Available,2019.0,0.1299,928.8,327.5,35.8,1292.1,124.212728767097
2380,SOAD05749,Flumevale,Yes,Water Supply,Earth,6.4,0.873,51814.0,1962.0,1999.0,0.51417,0.0,Uncontrolled,2.0,11.31,Significant,Satisfactory,2021.0,0.1213,495.5,466.8,46.8,1009.1,124.35959088131786
2297,SOAD17317,Flumevale,Yes,Irrigation,Earth,4.818,0.325,22470.0,1885.0,1990.0,0.55948,0.0,Uncontrolled,2.0,3.38,Significant,Satisfactory,2022.0,0.1296,477.7,477.4,45.3,1000.4,124.5974048793316
2764,SOAD03802,Flumevale,Yes,Irrigation,Earth,7.777,0.207,19956.0,1954.0,1987.0,1.30217,15.97974,Uncontrolled,2.0,15.62,Significant,Fair,2022.0,0.1417,548.9,450.1,22.6,1021.6,124.72937865257263
3056,SOAD10967,Flumevale,Yes,Irrigation,Earth,39.68,0.264,85538.2,2014.0,2000.0,2.03698,0.0,Uncontrolled,1.0,12.2,High,Satisfactory,2022.0,0.0864,712.5,603.6,31.0,1347.1,124.81133923232557
3105,SOAD14518,Flumevale,Yes,Irrigation,Earth,9.541,0.55,48690.40000000002,1905.0,2000.0,5.67163,77.23541,Uncontrolled,2.0,0.0,Significant,Satisfactory,2021.0,0.1167,507.1,528.2,3.9,1039.2000000000005,125.33006735444074
3343,SOAD04101,Flumevale,Yes,Flood Risk Reduction,Rockfill,30.423,0.197,0.0,1951.0,1997.0,8.49661,282.30874,Missing,1.0,1.61,High,Not Available,2023.0,0.1153,700.5,528.9,66.32000000000001,1295.72,125.37519594579936
2780,SOAD02629,Flumevale,Yes,Water Supply,Earth,38.391,1.0,1150000.0,1975.0,1998.0,0.62449,0.0,Missing,1.0,0.0,High,Satisfactory,2017.0,0.0782,507.8,827.3,32.9,1368.0,125.3981986641884
3286,SOAD06450,Flumevale,Yes,Irrigation,Earth,20.139,2.033,65772.0,1911.0,2003.0,21.93004,900.19202,Uncontrolled,1.0,17.99,High,Satisfactory,2022.0,0.0968,838.6,472.5,46.3,1357.4,126.1187028452754
2392,SOAD05253,Flumevale,Yes,Hydroelectric,Earth,30.102,0.55,227000.0,1962.0,1997.0,0.39991,2.66329,Uncontrolled,1.0,1.67,High,Satisfactory,2023.0,0.0789,498.8,809.3,76.7,1384.8,126.1803721010685
2721,SOAD08791,Flumevale,Yes,Water Supply,Earth,10.564,3.167,600000.0,1979.0,2003.0,0.8372499999999999,0.0,Missing,1.0,0.0,High,Satisfactory,2017.0,0.0965,416.9,943.2,68.7,1428.8,126.39587188959122
3292,SOAD03594,Flumevale,Yes,Hydroelectric,Earth,128.172,0.5,4105631.1999999993,1937.0,2001.0,31.419924,1408.88041,Uncontrolled,1.0,3.36,High,Satisfactory,2023.0,0.0831,530.8,782.7,72.4,1385.9,126.41233807429673
2289,SOAD04204,Flumevale,Yes,Water Supply,Earth,18.594,0.263,116300.0,1973.0,2002.0,0.27974,2.66329,Missing,1.0,0.968,High,Satisfactory,2017.0,0.0769,501.4,855.5,42.5,1399.4,126.47516273856164
3521,SOAD13852,Flumevale,No,Hydroelectric,Concrete,216.585,1.153,8430000.0,1945.0,1993.0,255.42232,49529.20413,Controlled,1.0,14.16,High,Not Available,2023.0,0.1487,581.3,450.7,82.6,1114.6,126.60515749454495
2863,SOAD17830,Flumevale,Yes,Flood Risk Reduction,Earth,23.091,0.767,15000.0,1936.0,1975.0,1.0835,61.25567,Uncontrolled,3.0,0.0,High,Not Rated,2022.0,0.0991,676.4,421.9,46.42,1144.72,126.737992451787
3486,SOAD14266,Flumevale,Yes,Flood Risk Reduction,Gravity,43.021,0.341,12300000.0,1943.0,1994.0,98.60638,129550.41547,Controlled,5.0,32.41,High,Not Available,2023.2,0.1247,880.1,146.1,74.6,1100.8,126.82536239624022
3337,SOAD16098,Flumevale,Yes,Other,Earth,91.344,0.7,9912000.0,1964.0,2002.0,5.92773,58.59238,Missing,1.0,4.270000000000001,High,Satisfactory,2017.0,0.0843,670.6,662.6,49.74,1382.94,126.88395631313324
2793,SOAD20063,Flumevale,Yes,Other,Earth,11.575,0.26,81000.0,1882.0,1994.0,0.67374,18.64303,Missing,1.0,1.404,High,Satisfactory,2017.0,0.1042,563.0,788.3,29.24,1380.54,127.01533745035528
2727,SOAD09566,Flumevale,Yes,Water Supply,Earth,39.757,0.034,555000.0,1973.0,2001.0,0.5003799999999999,2.66329,Missing,1.0,1.1580000000000013,High,Satisfactory,2017.0,0.0866,395.5,916.2,71.0,1382.7,127.60237648934128
3296,SOAD04920,Flumevale,Yes,Water Supply,Earth,68.969,0.24,1300000.0,1922.0,2000.0,6.4616,50.60251,Missing,1.0,26.338,Significant,Poor,2022.0,0.1475,606.1,253.0,62.2,921.3,127.6272781088948
2918,SOAD13642,Flumevale,Yes,Water Supply,Earth,23.561,0.207,165000.0,1967.0,2000.0,1.75921,29.29619,Missing,1.0,0.16,High,Satisfactory,2017.0,0.0992,643.5,657.8,55.7,1357.0,127.80681350827216
1020,SOAD03262,Flumevale,Yes,Water Supply,Earth,5.412,0.613,19000.0,1960.0,2003.0,0.32899,127.83792,Missing,1.0,3.23,High,Satisfactory,2017.0,0.1047,486.0,846.4,71.3,1403.7,127.8403608687222
1988,SOAD01018,Flumevale,Yes,Water Supply,Earth,6.462,0.45,6110.0,1939.0,2000.0,0.2501899999999999,0.0,Uncontrolled,1.0,3.2,High,Unsatisfactory,2022.0,0.1258,445.5,564.2,40.0,1049.7,127.84492531120776
3376,SOAD07840,Flumevale,Yes,Water Supply,Concrete,75.001,0.225,1725212.2000000002,1959.0,1987.0,13.90623,1619.2803199999998,Controlled,1.0,29.51,High,Satisfactory,2023.0,0.1034,941.0,449.9,9.2,1400.1,128.04992887750268
3408,SOAD05213,Flumevale,Yes,Hydroelectric,Concrete,62.585,0.587,281000.0,1927.0,1991.0,18.46678,226.37965,Uncontrolled,1.0,3.33,High,Satisfactory,2023.0,0.0898,540.4,775.0,82.4,1397.8000000000002,128.14616631865502
3083,SOAD20594,Flumevale,Yes,Other,Arch,60.394,0.2,75000.0,1920.0,1999.0,2.87423,1539.38162,Missing,1.0,0.0,High,Satisfactory,2017.0,0.0919,559.4,805.4,38.3,1403.1,128.19842645823954
3046,SOAD11975,Flumevale,Yes,Water Supply,Earth,5.445,0.587,0.0,1891.0,2000.0,8.67785,55.92909,Missing,1.0,2.468,High,Satisfactory,2017.0,0.0957,616.1,749.1,25.5,1390.7,128.21934324651957
2901,SOAD05097,Flumevale,Yes,Other,Earth,12.213,0.352,39000.0,1961.0,2006.0,2.45068,442.1061399999999,Missing,1.0,0.0,High,Satisfactory,2017.0,0.094,459.0,904.9,50.68,1414.5800000000002,128.34207720279696
3079,SOAD03583,Flumevale,Yes,Water Supply,Earth,32.449,0.28,550000.0,1935.0,1998.0,2.89196,53.2658,Missing,1.0,0.4,High,Fair,2017.0,0.1078,559.3,727.3,48.6,1335.1999999999998,128.36025499105452
22,SOAD11892,Flumevale,No,Water Supply,Missing,5.94,0.032,4280.0,1956.0,1990.0,4.0755360000000005,50523.676616,Missing,3.0,1.63,High,Not Available,2018.4,0.0765,719.6,565.6,15.9,1301.1,128.3683868072927
3487,SOAD13841,Flumevale,No,Irrigation,Buttress,6.527,0.036,400.0,1913.0,1995.0,992.57662,919056.10307,Missing,1.0,26.92,High,Not Available,2022.4,0.1399,775.9,366.2,8.4,1150.5,128.41097700968385
3436,SOAD04317,Flumevale,No,Flood Risk Reduction,Earth,53.147,1.135,4900000.0,1961.0,1986.0,20.02702,2748.51528,Uncontrolled,5.0,9.812,High,Not Available,2022.2,0.0903,484.9,884.7,35.599999999999994,1405.1999999999998,128.70367398262022
3264,SOAD13840,Flumevale,Yes,Irrigation,Earth,10.047,0.033,40120.4,1926.0,1976.0,50.57384,809.6401599999999,Missing,2.0,11.33,Significant,Fair,2022.0,0.1442,844.7,122.1,32.2,999.0,129.25535644590855
3279,SOAD09340,Flumevale,Yes,Other,Earth,63.468,0.433,2400000.0,1977.0,2001.0,6.44387,210.39991,Missing,1.0,3.4959999999999987,High,Satisfactory,2017.0,0.0801,849.8,518.2,38.6,1406.6,129.2609101176262
2640,SOAD11550,Flumevale,Yes,Water Supply,Multi-Arch,18.773,0.103,1364.0,1915.0,1986.0,0.6698,362.20744,Missing,1.0,3.09,Significant,Satisfactory,2017.0,0.1215,424.0,606.6,39.7,1070.3,129.51097227111458
2838,SOAD08031,Flumevale,Yes,Water Supply,Earth,45.846,0.36,386000.0,1935.0,1999.0,0.8077,125.17463,Missing,1.0,1.17,High,Fair,2021.0,0.1098,497.7,823.3,38.7,1359.7,129.57706499546768
3510,SOAD09832,Flumevale,No,Hydroelectric,Earth,10.046,0.1,11100.0,1967.0,1991.0,108.73612,0.0,Missing,1.0,18.71,High,Not Available,2023.0,0.1273,868.9,436.7,89.9,1395.5,129.71412866935134
3326,SOAD14924,Flumevale,Yes,Irrigation,Earth,14.17,4.333,11000.0,1900.0,2001.0,20.25751,111.85818,Uncontrolled,1.0,3.3,High,Satisfactory,2021.0,0.1159,927.4,466.7,14.0,1408.1,129.8546370908618
3073,SOAD07111,Flumevale,Yes,Irrigation,Earth,14.916,0.42,14294.0,1918.0,1992.0,3.2111,151.80753,Uncontrolled,1.0,10.73,High,Satisfactory,2022.0,0.0798,922.3,420.7,19.9,1362.9,129.98229414001108
3245,SOAD00660,Flumevale,Yes,Hydroelectric,Concrete,88.375,0.292,240000.0,1951.0,1999.0,3.8809,9944.72486,Controlled,1.0,36.746,High,Satisfactory,2023.0,0.0841,870.1,488.6,59.3,1418.0,130.01982739567757
2982,SOAD17286,Flumevale,Yes,Water Supply,Earth,15.431,0.073,0.0,1892.0,1989.0,3.36082,77.23541,Missing,1.0,19.852,Significant,Satisfactory,2017.0,0.1048,830.5,217.2,38.7,1086.4,130.4933455824852
3515,SOAD16991,Flumevale,Yes,Hydroelectric,Earth,210.991,0.633,16400000.0,1971.0,1990.0,110.32591,11065.96995,Controlled,1.0,6.66,High,Satisfactory,2023.0,0.0879,950.6,405.3,82.8,1438.7,130.60360655635597
3093,SOAD16962,Flumevale,Yes,Water Supply,Earth,22.302,0.162,0.0,1893.0,2002.0,4.12124,330.24796,Missing,1.0,2.0680000000000014,High,Satisfactory,2017.0,0.0845,683.0,689.1,14.0,1386.1,130.95657020956276
1860,SOAD08377,Flumevale,Yes,Flood Risk Reduction,Earth,10.997,0.157,60100.0,1963.0,1996.0,0.38809,21.30632,Missing,1.0,0.0,High,Satisfactory,2017.0,0.1015,457.4,898.5,44.47999999999999,1400.38,131.1402530373633
2136,SOAD09631,Flumevale,Yes,Irrigation,Earth,6.457,1.652,69298.19999999998,2018.0,2000.0,0.33884,0.0,Uncontrolled,1.0,1.8620000000000017,High,Satisfactory,2022.0,0.0902,683.4,742.0,47.4,1472.8000000000002,131.21429353356362
867,SOAD14622,Flumevale,No,Recreation,Earth,4.582,0.1,100.0,1938.0,1998.0,0.0260039999999994,7.98987,Uncontrolled,2.0,0.8,Significant,Not Rated,2021.2,0.1363,414.1,607.8,9.3,1031.2,131.23450667858123
2336,SOAD09672,Flumevale,Yes,Irrigation,Earth,12.314,0.167,27300.0,1960.0,1997.0,0.3506599999999999,37.28606,Uncontrolled,2.0,19.92,Significant,Fair,2022.0,0.122,627.3,376.4,34.4,1038.1,131.3794791087508
3263,SOAD14366,Flumevale,No,Water Supply,Earth,57.567,0.61,1800000.0,1962.0,2002.0,8.41978,367.53402,Uncontrolled,1.0,0.0,High,Not Available,2021.2,0.1285,677.6,630.7,61.2,1369.5000000000002,131.4434209428728
3024,SOAD05664,Flumevale,Yes,Water Supply,Earth,29.136,2.567,3506000.0,2007.0,2001.0,1.27459,29.29619,Uncontrolled,1.0,0.0,High,Satisfactory,2022.0,0.0844,452.1,932.3,57.8,1442.2,131.50922559201717
3468,SOAD20448,Flumevale,Yes,Water Supply,Earth,30.316,2.0,1237037.0,1926.0,2008.0,61.47976,926.292262,Missing,1.0,13.21,High,Satisfactory,2023.0,0.113,938.1,420.8,58.3,1417.2,131.5778965830803
2413,SOAD20249,Flumevale,Yes,Water Supply,Arch,22.24,0.048,800.0,1927.0,1995.0,0.394,34.62277,Missing,1.0,3.8000000000000007,High,Satisfactory,2017.0,0.106,510.8,811.5,46.8,1369.1,131.81311408951876
3508,SOAD05883,Flumevale,No,Flood Risk Reduction,Earth,10.924,2.0,2373743.9999999995,2017.0,1998.0,20.557344,380.317812,Missing,5.0,7.7559999999999985,High,Not Available,2017.8,0.0827,565.8,857.2,54.82000000000001,1477.82,132.0370951321721
3212,SOAD08057,Flumevale,Yes,Irrigation,Earth,38.988,1.296,31488.199999999983,1908.0,1993.0,4.99001,66.58225,Uncontrolled,1.0,70.31,High,Unsatisfactory,2023.0,0.1548,694.6,215.7,18.1,928.4,132.0785972237587
2377,SOAD15307,Flumevale,Yes,Irrigation,Earth,13.598,0.833,0.0,1908.0,1997.0,0.4865899999999999,0.0,Uncontrolled,1.0,0.0,High,Unsatisfactory,2022.0,0.1299,465.4,567.2,36.8,1069.4,132.40182516127825
3000,SOAD20409,Flumevale,Yes,Water Supply,Arch,31.769,0.112,6311.0,1925.0,1998.0,2.23792,106.5316,Missing,1.0,3.07,High,Satisfactory,2017.0,0.091,545.1,849.4,13.5,1408.0,132.56280040740967
2783,SOAD19148,Flumevale,Yes,Water Supply,Earth,16.636,0.433,65465.00000000003,1948.0,2008.0,1.41249,37.28606,Uncontrolled,1.0,0.0,High,Satisfactory,2022.0,0.0828,450.0,886.7,70.1,1406.8,132.68497267961502
2882,SOAD20292,Flumevale,Yes,Water Supply,Earth,12.751,3.533,57683.0,1979.0,1997.0,1.16624,0.0,Uncontrolled,2.0,4.91,Significant,Satisfactory,2021.0,0.1503,154.7,860.2,58.9,1073.8000000000002,132.6999493762851
3164,SOAD00591,Flumevale,Yes,Recreation,Earth,9.002,0.574,14161.0,1957.0,1987.0,4.96834,13.31645,Uncontrolled,2.0,13.89,Significant,Fair,2021.0,0.1345,782.1,240.5,4.3,1026.9,132.92847980707884
3357,SOAD11355,Flumevale,Yes,Flood Risk Reduction,Earth,78.866,0.293,4200000.0,1968.0,2000.0,5.88045,1105.26535,Missing,1.0,0.84,High,Satisfactory,2017.0,0.0786,688.1,688.6,36.36,1413.06,133.02977530628442
3474,SOAD08111,Flumevale,Yes,Hydroelectric,Earth,88.531,0.543,3450000.0,1956.0,1996.0,46.52943,2290.4294,Controlled,1.0,25.52,High,Poor,2023.0,0.1317,881.4,273.2,60.6,1215.1999999999998,133.80220406651495
3022,SOAD02142,Flumevale,Yes,Water Supply,Earth,35.003,0.141,156300.0,1924.0,1994.0,1.82816,55.92909,Missing,1.0,4.18,High,Fair,2017.0,0.1141,499.1,857.4,66.5,1423.0,134.0344077348709
2933,SOAD19745,Flumevale,Yes,Irrigation,Earth,12.567,1.002,30393.800000000017,1965.0,2002.0,2.00152,21.30632,Uncontrolled,1.0,3.12,High,Fair,2022.0,0.1182,492.4,919.7,26.9,1439.0,134.24020536988974
3327,SOAD15513,Flumevale,Yes,Irrigation,Earth,8.472,0.533,60992.79999999999,1896.0,2003.0,30.84232,226.37965,Uncontrolled,2.0,25.02,Significant,Satisfactory,2020.0,0.1115,678.2,390.8,35.5,1104.5,134.3270263262093
3355,SOAD05769,Flumevale,Yes,Hydroelectric,Concrete,33.461,0.271,45000.0,1919.0,1994.0,5.6145,393.634262,Uncontrolled,1.0,19.36,High,Satisfactory,2023.0,0.084,916.7,466.2,77.0,1459.9,134.5322580702603
1939,SOAD20247,Flumevale,Yes,Irrigation,Earth,6.713,0.717,52524.0,1881.0,1981.0,0.31126,0.0,Uncontrolled,6.0,4.86,Low,Unsatisfactory,2022.0,0.0938,675.3,724.7,41.4,1441.4,134.70908941924571
2892,SOAD19675,Flumevale,Yes,Water Supply,Earth,3.813,0.417,0.0,1926.0,1999.0,6.70982,106.5316,Missing,1.0,17.642,Significant,Satisfactory,2017.0,0.1096,840.5,244.7,64.9,1150.1,134.9355515860021
3019,SOAD03741,Flumevale,Yes,Water Supply,Earth,5.952,2.933,0.0,1891.0,2001.0,9.96623,66.58225,Missing,1.0,10.94,Significant,Satisfactory,2017.0,0.1364,716.9,320.7,39.3,1076.9,135.25987051427364
3321,SOAD18749,Flumevale,Yes,Water Supply,Earth,28.265,0.518,988665.0,1913.0,1995.0,11.77469,671.14908,Missing,1.0,0.64,High,Fair,2017.0,0.1199,685.0,734.8,12.2,1432.0,135.2766894698143
281,SOAD04307,Flumevale,No,Irrigation,Earth,7.716,0.366,15692.0,1977.0,1986.0,0.57327,2163.124138,Missing,1.0,0.0,Significant,Not Rated,2017.0,0.127,431.6,656.4,31.2,1119.2,135.42902801036834
3122,SOAD12665,Flumevale,No,Irrigation,Earth,52.892,0.372,811000.0,1987.0,2001.0,1.82225,7.98987,Uncontrolled,1.0,0.0,High,Not Available,2019.0,0.0853,500.7,943.6,33.7,1478.0,135.5351144969463
3179,SOAD16373,Flumevale,No,Hydroelectric,Earth,22.735,0.204,79000.0,1966.0,1991.0,3.75679,157.13411,Missing,1.0,0.0,High,Not Available,2018.0,0.0846,672.3,766.7,75.9,1514.9,135.59675953760745
3404,SOAD05903,Flumevale,Yes,Flood Risk Reduction,Earth,68.705,4.767,13000000.0,1953.0,1996.0,7.29097,2663.29,Uncontrolled,5.0,1.66,High,Not Available,2021.0,0.1004,498.4,864.5,42.18,1405.0800000000002,135.71899760484698
2,SOAD03835,Flumevale,No,Recreation,Concrete,18.142,0.224,314208.8,1908.0,2010.0,3.194158,411.2119759999996,Uncontrolled,1.0,5.0,High,Not Rated,2021.4,0.0891,486.8,794.9,8.9,1290.6,136.12909413725137
2785,SOAD15440,Flumevale,Yes,Water Supply,Arch,15.884,0.117,0.0,1904.0,2007.0,1.37112,1444.568496,Missing,1.0,0.34,High,Satisfactory,2017.0,0.0808,712.0,639.2,64.7,1415.9,136.2883890748024
3234,SOAD15028,Flumevale,Yes,Water Supply,Multi-Arch,20.755,0.42,11640.0,1918.0,1998.0,7.6436,580.59722,Missing,1.0,0.0,High,Satisfactory,2017.0,0.0994,510.4,905.9,42.2,1458.5,136.48347441479564
3384,SOAD01625,Flumevale,Yes,Hydroelectric,Earth,18.786,0.475,211900.0,1951.0,1993.0,29.70169,361.6747820000001,Missing,1.0,13.26,High,Not Available,2017.8,0.103,951.3,419.6,84.5,1455.4,136.57952240258456
1867,SOAD06809,Flumevale,Yes,Recreation,Earth,8.711,0.4,13746.0,1906.0,1996.0,0.33687,7.98987,Missing,2.0,26.42,Significant,Unsatisfactory,2022.0,0.1735,413.2,424.5,3.7,841.4000000000001,136.80238348543645
3194,SOAD10109,Flumevale,Yes,Water Supply,Earth,5.797,0.333,0.0,1899.0,2005.0,5.48842,7.98987,Uncontrolled,1.0,0.0,High,Satisfactory,2022.0,0.0833,507.1,892.7,48.3,1448.1,136.8400522135198
3038,SOAD00365,Flumevale,Yes,Water Supply,Earth,6.89,8.333,1100000.0,1987.0,2001.0,5.13776,6760.495336,Missing,1.0,9.35,Significant,Satisfactory,2017.0,0.1269,901.3,197.4,43.7,1142.4,137.27660422325135
3448,SOAD19543,Flumevale,No,Flood Risk Reduction,Earth,32.676,0.483,388000.0,1970.0,1999.0,30.97431,977.42743,Missing,1.0,22.78,High,Not Available,2019.8,0.0851,927.1,454.5,66.54,1448.14,137.4260757674277
2754,SOAD07349,Flumevale,Yes,Irrigation,Earth,8.177,0.467,99563.0,1956.0,1998.0,0.99288,0.0,Uncontrolled,2.0,1.56,Significant,Satisfactory,2022.0,0.1168,662.2,506.9,2.0,1171.1,138.2708246693015
1931,SOAD02705,Flumevale,Yes,Water Supply,Earth,3.919,0.433,0.0,1912.0,1999.0,0.67768,45.27593,Missing,1.0,8.142000000000001,Significant,Satisfactory,2017.0,0.1258,647.9,433.7,34.9,1116.5,138.7339118756354
3081,SOAD09343,Flumevale,Yes,Water Supply,Earth,70.362,0.372,1800000.0,1962.0,2002.0,1.46962,13.31645,Missing,1.0,1.0900000000000034,High,Satisfactory,2017.0,0.075,553.1,916.7,38.1,1507.9,138.7581339329481
3513,SOAD03344,Flumevale,Yes,Hydroelectric,Earth,9.132,0.583,229000.0,1971.0,2004.0,110.93464,419.20184599999993,Missing,1.0,6.53,Significant,Satisfactory,2023.0,0.1164,770.9,338.7,78.5,1188.1,138.76705587580798
3110,SOAD20497,Flumevale,Yes,Irrigation,Earth,9.665,3.571,12200.0,1900.0,1985.0,7.88985,1270.38933,Uncontrolled,2.0,7.74,Significant,Satisfactory,2022.0,0.1288,828.8,288.4,13.4,1130.6,139.03925739377735
3177,SOAD02324,Flumevale,Yes,Missing,Missing,21.828,0.2652,47380.4,1945.0,1989.0,15.95503,1471.201396,Missing,2.0,6.787999999999999,High,Not Available,2017.0,0.1159,832.2,582.2,37.92,1452.3200000000002,139.1601154100895
3336,SOAD07884,Flumevale,Yes,Hydroelectric,Rockfill,37.884,0.777,800000.0,1963.0,2004.0,12.44252,61.25567,Uncontrolled,1.0,74.48,Significant,Satisfactory,2023.0,0.1147,902.0,228.7,74.9,1205.6,139.260600733757
2332,SOAD11607,Flumevale,Yes,Irrigation,Earth,10.075,0.333,21565.0,1896.0,1996.0,0.24428,0.0,Uncontrolled,2.0,3.23,Significant,Satisfactory,2020.0,0.1354,706.4,400.9,25.1,1132.4,139.41117725372317
3338,SOAD07868,Flumevale,Yes,Hydroelectric,Concrete,51.782,1.052,13876459.999999998,1926.0,1999.0,8.03366,1238.42985,Controlled,1.0,23.288,High,Fair,2023.0,0.1094,862.6,543.0,71.94,1477.54,139.9762109477818
3114,SOAD00713,Flumevale,Yes,Irrigation,Earth,7.64,0.233,24437.79999999999,1898.0,1994.0,4.07593,15.97974,Missing,2.0,7.74,Significant,Fair,2021.0,0.1321,751.4,371.9,4.7,1128.0,140.03305685520172
3310,SOAD00364,Flumevale,Yes,Water Supply,Gravity,50.896,0.25,83000.0,1919.0,1997.0,8.89849,737.73133,Missing,1.0,10.02,High,Poor,2020.0,0.1244,853.8,400.5,49.0,1303.3,140.3102328710258
3098,SOAD08232,Flumevale,Yes,Irrigation,Earth,9.133,1.056,74901.0,1890.0,2005.0,5.76816,103.86831,Uncontrolled,2.0,7.82,Significant,Satisfactory,2022.0,0.1002,650.0,473.4,13.9,1137.3000000000002,140.38537723571065
2743,SOAD14795,Flumevale,Yes,Irrigation,Earth,15.432,0.34,31895.800000000017,1905.0,1992.0,0.58509,0.0,Uncontrolled,1.0,4.84,High,Satisfactory,2022.0,0.0718,711.4,796.8,33.5,1541.6999999999998,140.76798937395213
3319,SOAD20335,Flumevale,Yes,Water Supply,Gravity,50.823,0.2,157200.0,1888.0,2003.0,10.60845,207.73662,Missing,1.0,0.0,High,Satisfactory,2017.0,0.0961,915.8,533.6,62.0,1511.4,141.33552119135857
2415,SOAD06206,Flumevale,Yes,Irrigation,Earth,17.107,0.284,22676.4,1893.0,2002.0,0.2561,226.37965,Uncontrolled,2.0,0.0,Significant,Satisfactory,2021.0,0.1349,274.3,821.5,40.3,1136.1,141.54136857166884
3459,SOAD04583,Flumevale,Yes,Flood Risk Reduction,Earth,56.11,3.067,8853000.0,1951.0,1993.0,74.57632,13082.08048,Controlled,1.0,1.63,High,Not Available,2022.2,0.1223,655.6,771.0,79.14,1505.74,141.72731026619672
3316,SOAD05949,Flumevale,Yes,Irrigation,Earth,44.272,1.967,69867.0,1913.0,2004.0,10.64588,103.86831,Uncontrolled,1.0,0.0,High,Satisfactory,2022.0,0.0832,649.2,837.1,42.8,1529.1,141.96982545554638
3124,SOAD12335,Flumevale,Yes,Hydroelectric,Earth,32.5,0.163,0.0,1977.0,1995.0,3.23868,98.00907200000006,Missing,1.0,4.78,High,Not Available,2018.0,0.0855,555.1,858.0,74.3,1487.4,143.0284978732467
3178,SOAD07798,Flumevale,Yes,Irrigation,Earth,21.197,1.026,167000.0,1945.0,1990.0,15.07641,1315.66526,Controlled,1.0,10.774,High,Not Available,2021.4,0.1137,824.1,712.7,36.1,1572.9,143.1291977673769
2191,SOAD13273,Flumevale,Yes,Irrigation,Earth,8.961,0.457,16305.799999999988,1907.0,1979.0,0.30141,0.0,Uncontrolled,2.0,18.73,Significant,Fair,2021.0,0.1403,687.3,424.9,1.1,1113.2999999999995,143.19095242023462
2675,SOAD09155,Flumevale,Yes,Water Supply,Earth,26.467,0.447,480000.0,2000.0,1999.0,0.78603,11.718475999999557,Missing,1.0,0.0,High,Satisfactory,2017.0,0.0924,566.6,908.4,63.5,1538.5,143.20179041475058
3240,SOAD03466,Flumevale,No,Irrigation,Earth,9.059,1.287,303100.0,1930.0,1997.0,6.90288,119.84805,Uncontrolled,3.0,1.56,High,Fair,2019.0,0.0948,617.8,898.2,11.7,1527.7,143.31599484160543
2669,SOAD12394,Flumevale,Yes,Other,Arch,58.912,0.207,47825.0,1949.0,1996.0,0.7328399999999999,399.4935,Missing,1.0,3.19,High,Poor,2017.0,0.1227,421.3,894.2,32.88,1348.38,143.43728983014825
2868,SOAD01851,Flumevale,Yes,Flood Risk Reduction,Earth,26.988,0.208,180000.0,1962.0,2001.0,0.59494,106.5316,Missing,1.0,1.0199999999999996,High,Satisfactory,2017.0,0.0748,613.7,890.7,62.38,1566.7800000000002,143.5291663554311
3494,SOAD09360,Flumevale,No,Flood Risk Reduction,Earth,40.028,1.607,3820000.0,1955.0,2001.0,92.08371,838.93635,Missing,1.0,1.59,High,Not Available,2019.6,0.0885,933.8,543.7,61.75999999999999,1539.26,143.62114616692065
2344,SOAD17651,Flumevale,Yes,Flood Risk Reduction,Earth,13.856,0.501,64690.80000000002,1972.0,1991.0,0.41961,34.62277,Uncontrolled,3.0,4.84,Significant,Satisfactory,2021.0,0.128,551.7,608.2,13.46,1173.36,143.74982976615428
3437,SOAD20166,Flumevale,No,Flood Risk Reduction,Earth,89.943,0.792,0.0,1962.0,1998.0,16.59331,4136.08937,Uncontrolled,5.0,15.542,High,Not Available,2023.0,0.0862,650.7,815.0,53.52,1519.22,143.76893197864294
3214,SOAD17735,Flumevale,Yes,Irrigation,Earth,70.569,0.35,1851765.0,1965.0,1986.0,3.67602,407.48337,Uncontrolled,1.0,1.63,High,Satisfactory,2023.0,0.0878,948.6,559.2,30.6,1538.4,144.07808042764665
3072,SOAD17626,Flumevale,Yes,Water Supply,Earth,16.168,0.9,739304.0,1918.0,2006.0,5.06093,37.28606,Missing,1.0,0.16,High,Satisfactory,2017.0,0.0801,932.4,531.2,35.2,1498.8,144.39012717604638
3497,SOAD15908,Flumevale,No,Flood Risk Reduction,Earth,8.517,0.687,0.0,1956.0,2000.0,96.42953,11433.50397,Missing,1.0,1.58,High,Not Available,2020.8,0.0807,893.1,606.6,47.88,1547.5800000000002,144.50590108126403
2940,SOAD20368,Flumevale,Yes,Water Supply,Earth,56.639,0.297,1339500.0,1946.0,2002.0,0.68556,79.89869999999999,Missing,1.0,4.47,High,Satisfactory,2017.0,0.0851,537.4,952.9,66.7,1557.0,144.53963135182858
2416,SOAD07356,Flumevale,Yes,Flood Risk Reduction,Earth,14.648,0.972,143000.0,1958.0,1992.0,0.7249599999999999,44.21061399999985,Missing,1.0,1.32,High,Satisfactory,2017.0,0.0885,620.4,886.2,51.92,1558.52,144.90638983637095
1202,SOAD18127,Flumevale,Yes,Recreation,Earth,6.043,0.667,29196.4,1952.0,1995.0,0.10047,0.0,Uncontrolled,2.0,0.0,Significant,Unsatisfactory,2022.0,0.1532,18.6,896.0,7.7,922.3,145.21078008860349
2401,SOAD16071,Flumevale,Yes,Irrigation,Earth,10.066,0.267,57965.19999999998,1906.0,1992.0,0.46492,0.0,Uncontrolled,1.0,0.0,High,Satisfactory,2022.0,0.0898,684.2,897.7,2.2,1584.1,145.49465963318943
3262,SOAD12045,Flumevale,Yes,Irrigation,Earth,6.082,0.245,0.0,1910.0,1994.0,13.01973,45.27593,Uncontrolled,1.0,9.704,High,Unsatisfactory,2022.0,0.1461,599.2,513.6,7.9,1120.7000000000005,145.5599852636457
2457,SOAD08951,Flumevale,Yes,Irrigation,Earth,10.652,0.21,90999.0,1921.0,1996.0,0.56145,29.29619,Uncontrolled,2.0,3.28,Significant,Satisfactory,2021.0,0.1224,686.8,477.4,28.5,1192.6999999999998,145.73347876444456
2276,SOAD13302,Flumevale,Yes,Irrigation,Earth,16.835,0.718,78432.0,1971.0,1971.0,0.28762,21.30632,Missing,2.0,0.0,Significant,Satisfactory,2022.0,0.1091,239.8,953.3,12.7,1205.8,145.73469848185778
2913,SOAD12703,Flumevale,Yes,Water Supply,Earth,46.902,0.4,1762875.0,1929.0,2006.0,1.01258,10.65316,Missing,1.0,0.47,High,Fair,2017.0,0.1091,661.1,852.0,13.9,1527.0,145.87052650004625
3199,SOAD19191,Flumevale,Yes,Hydroelectric,Earth,31.326,0.4,266346.2,1923.0,1995.0,4.80877,98.54173,Missing,1.0,3.15,High,Satisfactory,2023.0,0.1075,763.7,737.9,94.3,1595.9,145.93482658937577
3219,SOAD18506,Flumevale,Yes,Flood Risk Reduction,Earth,19.3,1.418,65492.20000000001,1975.0,2003.0,5.73664,644.51618,Uncontrolled,3.0,9.43,Significant,Fair,2021.0,0.1138,940.8,202.4,30.02,1173.22,146.19674412861465
2724,SOAD15539,Flumevale,Yes,Irrigation,Earth,11.719,0.347,62910.0,1889.0,2005.0,0.8372499999999999,0.0,Uncontrolled,2.0,4.99,Significant,Satisfactory,2022.0,0.1226,381.7,788.3,8.0,1178.0,146.43685729801655
676,SOAD06819,Flumevale,Yes,Missing,Earth,7.345,0.0,0.0,1932.0,1991.0,0.6481300000000001,21.838978,Missing,1.0,0.032,High,Unsatisfactory,2021.0,0.1301,486.4,658.4,40.53999999999999,1185.34,146.61339951768517
3491,SOAD14681,Flumevale,No,Hydroelectric,Concrete,119.54,0.467,1170000.0,1956.0,1995.0,92.44028,12975.54888,Uncontrolled,1.0,1.61,High,Not Available,2023.0,0.0883,831.7,683.1,84.8,1599.6,146.6880435883999
2272,SOAD04165,Flumevale,Yes,Flood Risk Reduction,Earth,6.29,0.533,78360.0,1975.0,1985.0,1.60358,82.56199,Missing,1.0,2.33,Significant,Satisfactory,2017.0,0.1331,398.7,763.0,39.38,1201.08,146.70013225257395
806,SOAD07005,Flumevale,Yes,Water Supply,Earth,7.774,0.322,43000.0,1982.0,1999.0,0.2561,67.11490800000001,Missing,1.0,0.0,Significant,Satisfactory,2017.0,0.1263,439.5,799.7,5.6,1244.8,146.87065281867982
3216,SOAD14280,Flumevale,Yes,Water Supply,Earth,49.789,0.327,1130000.0,1936.0,1999.0,5.35446,902.85531,Missing,1.0,0.0,High,Satisfactory,2017.0,0.0974,660.3,891.0,21.5,1572.8,147.8801192164421
3173,SOAD09283,Flumevale,Yes,Flood Risk Reduction,Earth,51.584,0.899,605000.0,1928.0,1995.0,4.06017,245.02268,Missing,1.0,0.0,High,Satisfactory,2017.0,0.0859,576.6,943.0,62.36,1581.9599999999998,148.43182484686372
3405,SOAD12664,Flumevale,Yes,Fish and Wildlife Pond,Earth,58.951,1.337,3738000.0,1940.0,1994.0,22.72789,1840.33339,Missing,1.0,0.0,High,Not Available,2019.8,0.1472,745.0,743.6,30.76,1519.36,148.47789983749388
3501,SOAD06172,Flumevale,No,Flood Risk Reduction,Earth,14.425,0.487,0.0,1956.0,2000.0,96.40983,11191.14458,Missing,1.0,1.61,High,Not Available,2019.8,0.0882,717.9,821.8,58.400000000000006,1598.1,148.64884355217217
1953,SOAD09044,Flumevale,No,Other,Earth,22.698,0.367,18020.0,1959.0,2001.0,61.407658000000005,4556.356532000001,Missing,1.0,3.3,High,Not Available,2020.6,0.1026,949.6,706.5,52.48,1708.58,149.223948225826
3304,SOAD13910,Flumevale,Yes,Irrigation,Earth,15.083,5.133,5842.0,1912.0,2001.0,19.30206,727.07817,Uncontrolled,1.0,12.82,High,Unsatisfactory,2022.0,0.1318,949.1,216.1,16.6,1181.8,149.3880185097456
3517,SOAD17916,Flumevale,No,Hydroelectric,Rockfill,220.921,0.52,15867801.0,1979.0,1997.0,112.684,6549.03011,Uncontrolled,1.0,0.0,High,Not Available,2022.0,0.0839,924.0,499.1,75.9,1499.0,149.42112270742655
2814,SOAD08913,Flumevale,Yes,Other,Buttress,8.424,0.162,2417.0,1917.0,2004.0,9.71013,60.72301200000015,Missing,1.0,8.88,Significant,Satisfactory,2017.0,0.1331,685.7,445.3,49.96,1180.96,150.2492862677574
3396,SOAD19210,Flumevale,Yes,Hydroelectric,Concrete,9.128,0.073,34955.399999999965,1958.0,1999.0,8.22475,1265.06275,Missing,1.0,1.53,Significant,Satisfactory,2023.0,0.1052,679.1,587.7,94.1,1360.9,150.29194672480227
2984,SOAD00111,Flumevale,Yes,Irrigation,Gravity,1.062,0.05,100.0,1966.0,2004.0,1.25292,74.57212,Uncontrolled,1.0,3.12,High,Satisfactory,2023.0,0.0955,628.7,895.5,42.2,1566.4,150.72645630836487
3502,SOAD02268,Flumevale,No,Flood Risk Reduction,Earth,48.931,2.233,3905000.0,1955.0,1998.0,96.09069,11401.54449,Missing,1.0,1.59,High,Not Available,2020.4,0.1616,731.6,715.8,63.66,1511.0600000000002,151.10559695377947
2142,SOAD07491,Flumevale,Yes,Irrigation,Earth,9.692,0.407,34604.99999999997,1942.0,1980.0,0.40188,114.52147,Missing,4.0,3.33,Significant,Not Available,2017.8,0.1555,152.6,923.7,41.6,1117.9,151.2385885834694
2262,SOAD18646,Flumevale,Yes,Debris Control,Earth,14.19,1.2,0.0,1964.0,2000.0,0.52599,44.21061399999985,Missing,1.0,2.648,High,Satisfactory,2017.0,0.0945,671.9,920.3,68.47999999999999,1660.6799999999998,151.65574843794107
2641,SOAD14127,Flumevale,Yes,Other,Other,11.144,0.2,0.0,2006.0,1994.0,3.82771,5022.96494,Missing,1.0,0.0,Significant,Satisfactory,2017.0,0.1107,845.0,424.6,49.56,1319.16,152.20355586200952
3109,SOAD11562,Flumevale,Yes,Water Supply,Earth,18.081,1.583,348392.0,1888.0,2008.0,4.14488,34.62277,Missing,1.0,0.92,High,Satisfactory,2017.0,0.0842,605.4,932.1,63.7,1601.2,152.56089100837707
2573,SOAD06470,Flumevale,Yes,Irrigation,Earth,7.118,1.0,15726.199999999984,1942.0,1985.0,0.66783,69.24554,Missing,4.0,4.2,Significant,Not Available,2018.6,0.1007,347.6,923.3,20.2,1291.1,152.68091182634234
2928,SOAD02246,Flumevale,Yes,Irrigation,Earth,24.031,0.953,69121.19999999998,1910.0,1995.0,2.15518,21.30632,Uncontrolled,1.0,1.56,High,Satisfactory,2022.0,0.106,695.4,929.4,20.2,1645.0,152.884833663702
11,SOAD18122,Flumevale,No,Other,Earth,13.878,0.073,273800.0,1949.0,1990.0,6.158614,413.8752659999998,Uncontrolled,1.0,0.16,High,Not Rated,2022.2,0.102,925.1,619.9,34.8,1579.8,153.3375104472041
3438,SOAD02193,Flumevale,Yes,Other,Roller-Compacted Concrete,116.006,0.475,911800.0,1943.0,1998.0,14.36524,522.00484,Missing,1.0,1.29,High,Satisfactory,2017.0,0.0764,715.8,952.0,53.06,1720.86,153.65957771480083
3158,SOAD05627,Flumevale,Yes,Irrigation,Earth,17.179,0.533,97595.0,1894.0,1990.0,3.94197,29.29619,Missing,1.0,0.0,High,Satisfactory,2022.0,0.08,937.7,656.4,7.9,1602.0,153.85096433758736
3121,SOAD10892,Flumevale,Yes,Hydroelectric,Earth,32.39,0.883,845700.0,1976.0,1996.0,3.14018,7.98987,Missing,1.0,4.97,High,Not Available,2019.2,0.1377,726.0,801.7,85.0,1612.7,154.17031351178886
3101,SOAD18001,Flumevale,Yes,Irrigation,Earth,7.443,0.833,44347.4,1898.0,1987.0,3.82574,15.97974,Missing,2.0,8.06,Significant,Fair,2021.0,0.1339,907.3,309.0,34.0,1250.3,154.61270122751594
3189,SOAD06103,Flumevale,Yes,Water Supply,Earth,6.107,1.458,0.0,1899.0,2000.0,5.25399,7.98987,Uncontrolled,1.0,0.0,High,Satisfactory,2022.0,0.1032,931.7,672.4,34.4,1638.5,154.83214249834418
3107,SOAD08576,Flumevale,Yes,Other,Earth,17.23,0.717,148685.0,1882.0,1997.0,7.49782,146.48095,Missing,1.0,18.45,High,Poor,2023.0,0.1253,931.5,513.0,37.92,1482.42,155.57290415614844
3188,SOAD15444,Flumevale,Yes,Water Supply,Earth,10.921,0.282,8749.0,1939.0,2004.0,5.81347,53.2658,Missing,1.0,1.501999999999999,High,Satisfactory,2017.0,0.0874,757.4,873.3,18.5,1649.1999999999998,155.74804908335207
2056,SOAD05374,Flumevale,Yes,Water Supply,Earth,5.534,2.0,90000.0,1975.0,2005.0,0.28565,30.89416400000005,Missing,1.0,0.7100000000000009,High,Not Rated,2022.0,0.1293,385.6,940.9,40.4,1366.9,156.3734202578664
1741,SOAD08620,Flumevale,Yes,Missing,Earth,10.588,0.85,0.0,1946.0,2005.0,0.3585399999999999,76.70275199999992,Missing,1.0,8.668000000000003,Significant,Poor,2017.0,0.1538,634.4,406.9,35.98,1077.28,156.55798487901689
3257,SOAD04184,Flumevale,Yes,Water Supply,Multi-Arch,46.97,0.243,18128.0,1918.0,1996.0,11.35705,2213.19399,Missing,1.0,3.33,High,Unsatisfactory,2023.0,0.1546,586.8,592.9,31.1,1210.7999999999995,157.4886127352714
3181,SOAD05340,Flumevale,Yes,Water Supply,Earth,20.76,1.066,26449.79999999999,1955.0,1995.0,5.81938,106.5316,Uncontrolled,1.0,1.54,High,Satisfactory,2022.0,0.1016,761.8,917.2,7.9,1686.9,158.0259671419859
3204,SOAD15069,Flumevale,Yes,Other,Earth,42.14,0.133,350000.0,1961.0,1998.0,6.79256,271.65558,Missing,1.0,4.67,High,Satisfactory,2017.0,0.0981,769.7,950.7,31.54,1751.94,158.6271337106824
3392,SOAD03704,Flumevale,Yes,Hydroelectric,Earth,139.623,0.273,5250000.0,1960.0,2001.0,9.45206,7060.38179,Uncontrolled,1.0,7.522,High,Satisfactory,2023.0,0.0917,942.9,798.5,70.32,1811.72,160.05309386849405
2962,SOAD03051,Flumevale,Yes,Water Supply,Earth,11.88,0.108,40000.0,1865.0,1997.0,4.18822,61.25567,Missing,1.0,2.67,High,Satisfactory,2017.0,0.104,722.1,950.6,31.3,1704.0,160.09499537944794
3268,SOAD02286,Flumevale,Yes,Water Supply,Earth,59.253,0.417,2200000.0,1920.0,1996.0,7.37765,229.04294,Missing,1.0,1.0660000000000025,High,Satisfactory,2017.0,0.0985,879.4,855.1,8.0,1742.5,160.4627150669694
3229,SOAD14415,Flumevale,Yes,Water Supply,Gravity,40.244,0.233,53773.0,1888.0,1996.0,7.76377,1374.25764,Missing,1.0,0.16,High,Fair,2017.0,0.1214,874.4,749.8,52.4,1676.6,160.67265184670686
2134,SOAD16002,Flumevale,Yes,Flood Risk Reduction,Earth,23.985,0.5,196931.0,1928.0,1990.0,2.92939,23.96961,Missing,1.0,0.47,High,Satisfactory,2017.0,0.1077,828.0,829.5,40.58,1698.08,160.76436522960665
3453,SOAD19615,Flumevale,Yes,Water Supply,Earth,123.119,1.733,44000000.0,1973.0,1997.0,18.61256,1097.27548,Missing,1.0,1.58,High,Poor,2021.0,0.1178,940.3,531.9,9.0,1481.1999999999998,161.2883822470903
3113,SOAD08602,Flumevale,Yes,Irrigation,Earth,12.973,0.55,1470.0,1905.0,2000.0,5.62041,77.23541,Uncontrolled,2.0,0.0,Significant,Satisfactory,2021.0,0.1296,648.0,637.9,47.0,1332.9,161.6110114708543
1965,SOAD01787,Flumevale,Yes,Flood Risk Reduction,Arch,54.367,0.176,56239.0,1927.0,1990.0,2.187882,23.96961,Missing,1.0,1.51,High,Satisfactory,2017.0,0.1015,740.8,932.4,44.3,1717.4999999999998,161.66006309911606
3433,SOAD04078,Flumevale,No,Irrigation,Earth,97.373,1.117,6695000.0,1953.0,1993.0,25.43073,3092.07969,Controlled,1.0,1.56,High,Not Available,2020.6,0.091,940.0,783.8,24.0,1747.8,163.3978712081909
3399,SOAD01507,Flumevale,Yes,Hydroelectric,Concrete,2.682,0.136,48419.99999999997,1982.0,2004.0,17.67484,494.8392819999999,Missing,1.0,3.11,High,Satisfactory,2023.0,0.0945,782.6,946.5,71.6,1800.6999999999998,163.52005257681012
3394,SOAD03481,Flumevale,Yes,Water Supply,Earth,98.833,0.547,5120000.0,2008.0,1995.0,12.43858,70191.00795,Missing,1.0,0.0,High,Not Available,2019.2,0.156,594.4,876.6,33.7,1504.7,164.04462825655938
3409,SOAD09313,Flumevale,Yes,Hydroelectric,Earth,57.038,1.411,5300000.0,1954.0,2007.0,15.55512,665.8225,Controlled,1.0,4.86,High,Poor,2023.0,0.1072,498.7,950.4,95.4,1544.5,164.0630032233894
3299,SOAD14900,Flumevale,Yes,Fish and Wildlife Pond,Rockfill,100.99,0.453,3042000.0,1962.0,1998.0,5.68148,476.72891,Missing,1.0,0.0,High,Not Available,2021.8,0.1263,871.2,694.4,71.19999999999999,1636.8,164.75737946033476
3117,SOAD00747,Flumevale,Yes,Water Supply,Arch,32.434,0.197,15964.0,1928.0,2000.0,4.37537,4943.06624,Missing,1.0,4.6,High,Satisfactory,2017.0,0.0795,765.0,946.8,46.2,1758.0,164.86421138048172
223,SOAD10703,Flumevale,Yes,Water Supply,Earth,13.567,0.71,0.0,1913.0,2001.0,7.337462,134.76247399999966,Missing,1.0,0.0,High,Fair,2018.0,0.109,743.0,948.4,70.7,1762.1,165.23329392522572
20,SOAD01247,Flumevale,No,Water Supply,Earth,7.299,0.253,0.0,1973.0,1981.0,0.1378999999999997,391.50362999999993,Missing,1.0,1.67,Significant,Not Available,2016.4,0.1451,312.7,887.2,47.5,1247.4,165.84306666254997
3095,SOAD02163,Flumevale,Yes,Irrigation,Earth,7.746,0.167,41818.79999999999,1898.0,1987.0,3.77649,13.31645,Missing,2.0,8.37,Significant,Fair,2021.0,0.1393,851.3,448.9,32.6,1332.7999999999995,166.5067262530326
3094,SOAD01584,Flumevale,Yes,Irrigation,Earth,7.625,0.7,42816.0,1898.0,1987.0,4.0976,15.97974,Missing,2.0,8.29,Significant,Fair,2021.0,0.1378,892.1,451.4,5.7,1349.2,166.84272294342517
3232,SOAD11338,Flumevale,Yes,Irrigation,Earth,8.856,0.6,29998.400000000023,1896.0,2022.0,13.21673,253.01255,Missing,2.0,20.64,Significant,Unsatisfactory,2020.0,0.1691,866.8,177.0,1.4,1045.2,167.92725058794022
3120,SOAD05195,Flumevale,Yes,Recreation,Earth,30.381,0.207,66154.0,1978.0,1994.0,3.31157,266.329,Uncontrolled,1.0,17.55,High,Unsatisfactory,2023.0,0.1367,952.3,283.1,7.2,1242.6,168.13780972659586
3498,SOAD11646,Flumevale,No,Flood Risk Reduction,Earth,12.231,0.297,0.0,1956.0,2007.0,97.12691,11532.0457,Missing,1.0,1.59,High,Not Available,2019.8,0.1324,835.8,885.4,51.64,1772.84,168.208379637599
2589,SOAD11430,Flumevale,Yes,Other,Earth,7.443,0.51,0.0,1926.0,1990.0,1.33763,63.91896,Missing,1.0,2.3,Significant,Satisfactory,2017.0,0.116,394.8,948.9,33.739999999999995,1377.44,168.61853585600855
3028,SOAD18706,Flumevale,Yes,Flood Risk Reduction,Earth,21.861,2.0,61325.600000000006,1964.0,1995.0,3.49675,522.00484,Missing,2.0,3.36,Significant,Satisfactory,2020.0,0.1136,914.0,418.7,30.92,1363.62,171.38152883917093
3190,SOAD12210,Flumevale,Yes,Water Supply,Earth,56.858,0.41,897000.0,1962.0,1994.0,2.80922,117.18476,Missing,1.0,1.065999999999999,High,Satisfactory,2017.0,0.084,936.4,878.5,29.5,1844.4,171.46541439592838
3371,SOAD07432,Flumevale,Yes,Hydroelectric,Concrete,61.875,0.445,117000.0,1917.0,1996.0,12.16081,559.2909,Controlled,1.0,3.11,High,Fair,2023.0,0.0952,886.2,827.1,89.8,1803.1,172.0586990110576
225,SOAD02700,Flumevale,No,Missing,Earth,10.363,0.0,0.0,1953.0,2004.0,68.89523399999999,0.0,Missing,1.0,5.364000000000001,High,Not Available,2021.0,0.0996,878.6,896.0,56.64,1831.24,173.23125085234642
7,SOAD10770,Flumevale,No,Fish and Wildlife Pond,Earth,10.525,0.05,16835.199999999983,1875.0,2002.0,8.512369999999999,53.2657999999999,Uncontrolled,1.0,7.388,High,Not Rated,2022.6,0.1203,851.5,772.2,40.54,1664.24,176.04373786330223
2930,SOAD02574,Flumevale,Yes,Irrigation,Earth,14.587,0.704,26072.199999999983,1903.0,1983.0,3.48887,63.91896,Controlled,2.0,8.25,Significant,Fair,2021.0,0.1367,880.5,466.4,29.6,1376.5,177.02670124918222
3500,SOAD11738,Flumevale,No,Flood Risk Reduction,Earth,35.962,0.638,0.0,1956.0,2005.0,96.9043,11068.63324,Missing,1.0,1.67,High,Not Available,2020.4,0.1303,930.6,827.9,69.77999999999999,1828.28,177.11754822701215
1718,SOAD06134,Flumevale,No,Other,Earth,10.275,0.317,0.0,1977.0,1977.0,0.1445979999999997,1164.923046,Missing,1.0,3.17,Significant,Not Available,2016.8,0.1828,354.1,880.2,33.74,1268.0400000000002,178.117173820138
3258,SOAD12579,Flumevale,Yes,Irrigation,Earth,22.748,0.613,0.0,1910.0,1997.0,13.5536,45.27593,Uncontrolled,1.0,4.75,High,Unsatisfactory,2022.0,0.1441,908.6,416.7,43.5,1368.8,178.3075648188591
3018,SOAD02503,Flumevale,Yes,Irrigation,Earth,5.584,0.4,42445.4,1904.0,1998.0,3.18352,7.98987,Uncontrolled,2.0,4.73,Significant,Satisfactory,2022.0,0.1255,601.3,794.8,29.5,1425.6,178.3997700691223
2739,SOAD08827,Flumevale,Yes,Irrigation,Earth,20.406,0.171,63500.0,1911.0,1977.0,0.5319,0.0,Uncontrolled,1.0,0.0,High,Unsatisfactory,2022.0,0.1278,563.3,849.1,19.4,1431.8000000000002,180.85920047461988
3507,SOAD17987,Flumevale,No,Flood Risk Reduction,Earth,67.682,0.565,0.0,1953.0,1995.0,93.08447,14482.97102,Uncontrolled,5.0,1.54,High,Not Available,2022.2,0.1145,945.7,854.4,29.86,1829.96,181.7563617670536
3401,SOAD13166,Flumevale,Yes,Irrigation,Earth,48.235,0.39,234900.0,1911.0,1990.0,27.22146,601.90354,Uncontrolled,1.0,11.09,High,Unsatisfactory,2022.0,0.1525,852.8,461.6,26.4,1340.8000000000002,182.3289902687073
3015,SOAD00078,Flumevale,Yes,Irrigation,Earth,18.383,0.967,51569.0,1904.0,1997.0,3.10669,7.98987,Uncontrolled,2.0,4.79,Significant,Satisfactory,2021.0,0.1412,704.2,730.4,10.6,1445.1999999999998,185.3354689657688
2310,SOAD10444,Flumevale,Yes,Irrigation,Earth,9.361,0.41,81496.0,1908.0,1994.0,0.3152,0.0,Uncontrolled,1.0,0.0,High,Unsatisfactory,2021.0,0.1288,627.8,835.1,20.4,1483.3000000000002,188.0727599233389
2076,SOAD14810,Flumevale,Yes,Irrigation,Earth,5.105,0.458,34378.0,1906.0,1999.0,0.33293,0.0,Uncontrolled,2.0,0.0,Significant,Satisfactory,2022.0,0.1392,655.2,947.5,7.3,1610.0,194.7671872377396
2303,SOAD00765,Flumevale,Yes,Water Supply,Earth,10.411,0.247,50000.0,1957.0,1991.0,0.42749,5.32658,Missing,1.0,1.58,Significant,Satisfactory,2017.0,0.1065,687.1,925.5,68.1,1680.6999999999998,195.36419605687257
769,SOAD03744,Flumevale,Yes,Debris Control,Earth,4.827,1.2956,81766.2,1946.0,1989.0,14.839616,198.68143400000008,Missing,1.0,6.254,High,Not Rated,2019.2,0.1318,948.9,809.8,72.62,1831.32,205.7953465756774
3261,SOAD19070,Flumevale,Yes,Irrigation,Earth,7.922,0.91,0.0,1910.0,1994.0,13.14581,42.61264,Uncontrolled,1.0,1.261999999999997,High,Unsatisfactory,2022.0,0.1475,888.4,906.9,18.8,1814.1,230.90737372487783
3370,SOAD13740,Flumevale,Yes,Water Supply,Rockfill,84.676,0.46,1407287.9999999998,1950.0,2001.0,10.61239,1432.85002,Uncontrolled,1.0,3.35,High,Unsatisfactory,2023.0,0.1337,880.2,895.3,67.0,1842.5,238.6878763884306
